Date,Data
3/26/2025,2.369
3/25/2025,2.365
3/24/2025,2.367
3/21/2025,2.386
3/20/2025,2.387
3/19/2025,2.411
3/18/2025,2.426
3/17/2025,2.456
3/14/2025,2.478
3/13/2025,2.501
3/12/2025,2.527
3/11/2025,2.553
3/10/2025,2.547
3/7/2025,2.529
3/6/2025,2.511
3/5/2025,2.504
3/4/2025,2.491
3/3/2025,2.464
2/28/2025,2.464
2/27/2025,2.485
2/26/2025,2.499
2/25/2025,2.53
2/24/2025,2.521
2/21/2025,2.521
2/20/2025,2.534
2/19/2025,2.529
2/18/2025,2.516
2/17/2025,2.51
2/14/2025,2.522
2/13/2025,2.556
2/12/2025,2.553
2/11/2025,2.539
2/10/2025,2.526
2/7/2025,2.527
2/6/2025,2.535
2/5/2025,2.529
2/4/2025,2.541
2/3/2025,2.562
1/31/2025,2.589
1/30/2025,2.606
1/29/2025,2.612
1/28/2025,2.615
1/27/2025,2.641
1/24/2025,2.641
1/23/2025,2.673
1/22/2025,2.671
1/21/2025,2.681
1/20/2025,2.677
1/17/2025,2.704
1/16/2025,2.744
1/15/2025,2.748
1/14/2025,2.761
1/13/2025,2.785
1/10/2025,2.766
1/9/2025,2.789
1/8/2025,2.782
1/7/2025,2.785
1/6/2025,2.757
1/3/2025,2.731
1/2/2025,2.736
12/31/2024,2.714
12/30/2024,2.678
12/27/2024,2.683
12/24/2024,2.715
12/23/2024,2.731
12/20/2024,2.772
12/19/2024,2.839
12/18/2024,2.852
12/17/2024,2.865
12/16/2024,2.863
12/13/2024,2.843
12/12/2024,2.886
12/11/2024,2.888
12/10/2024,2.872
12/9/2024,2.862
12/6/2024,2.868
12/5/2024,2.881
12/4/2024,2.877
12/3/2024,2.879
12/2/2024,2.924
11/29/2024,2.934
11/28/2024,2.939
11/27/2024,2.912
11/26/2024,2.898
11/25/2024,2.985
11/22/2024,3.022
11/21/2024,3.005
11/20/2024,3
11/19/2024,3.013
11/18/2024,3.004
11/15/2024,2.998
11/14/2024,3.005
11/13/2024,3.023
11/12/2024,3.034
11/11/2024,3.04
11/8/2024,3.032
11/7/2024,3.032
11/6/2024,3.049
11/5/2024,3.057
11/4/2024,3.075
11/1/2024,3.085
10/31/2024,3.062
10/30/2024,3.056
10/29/2024,3.056
10/28/2024,3.052
10/25/2024,3.059
10/24/2024,3.072
10/23/2024,3.086
10/22/2024,3.098
10/21/2024,3.138
10/18/2024,3.201
10/17/2024,3.219
10/16/2024,3.208
10/15/2024,3.215
10/14/2024,3.205
10/11/2024,3.179
10/10/2024,3.184
10/9/2024,3.223
10/8/2024,3.265
10/7/2024,3.268
10/4/2024,3.25
10/3/2024,3.238
10/2/2024,3.246
10/1/2024,3.252
9/30/2024,3.279
9/27/2024,3.326
9/26/2024,3.345
9/25/2024,3.352
9/24/2024,3.402
9/23/2024,3.431
9/20/2024,3.436
9/19/2024,3.455
9/18/2024,3.458
9/17/2024,3.48
9/16/2024,3.488
9/13/2024,3.472
9/12/2024,3.481
9/11/2024,3.467
9/10/2024,3.46
9/9/2024,3.462
9/6/2024,3.468
9/5/2024,3.47
9/4/2024,3.449
9/3/2024,3.458
9/2/2024,3.469
8/30/2024,3.49
8/29/2024,3.505
8/28/2024,3.505
8/27/2024,3.515
8/26/2024,3.523
8/23/2024,3.525
8/22/2024,3.541
8/21/2024,3.542
8/20/2024,3.538
8/19/2024,3.551
8/16/2024,3.56
8/15/2024,3.549
8/14/2024,3.542
8/13/2024,3.542
8/12/2024,3.548
8/9/2024,3.557
8/8/2024,3.577
8/7/2024,3.569
8/6/2024,3.523
8/5/2024,3.584
8/2/2024,3.623
8/1/2024,3.638
7/31/2024,3.647
7/30/2024,3.631
7/29/2024,3.636
7/26/2024,3.655
7/25/2024,3.686
7/24/2024,3.698
7/23/2024,3.685
7/22/2024,3.705
7/19/2024,3.698
7/18/2024,3.688
7/17/2024,3.678
7/16/2024,3.674
7/15/2024,3.662
7/12/2024,3.664
7/11/2024,3.685
7/10/2024,3.704
7/9/2024,3.708
7/8/2024,3.699
7/5/2024,3.712
7/4/2024,3.708
7/3/2024,3.705
7/2/2024,3.714
7/1/2024,3.709
6/28/2024,3.711
6/27/2024,3.695
6/26/2024,3.722
6/25/2024,3.698
6/24/2024,3.682
6/21/2024,3.686
6/20/2024,3.7
6/19/2024,3.712
6/18/2024,3.717
6/17/2024,3.711
6/14/2024,3.715
6/13/2024,3.719
6/12/2024,3.72
6/11/2024,3.739
6/10/2024,3.743
6/7/2024,3.759
6/6/2024,3.755
6/5/2024,3.752
6/4/2024,3.772
6/3/2024,3.782
5/31/2024,3.785
5/30/2024,3.788
5/29/2024,3.794
5/28/2024,3.785
5/27/2024,3.8
5/24/2024,3.808
5/23/2024,3.801
5/22/2024,3.819
5/21/2024,3.823
5/20/2024,3.822
5/17/2024,3.83
5/16/2024,3.826
5/15/2024,3.816
5/14/2024,3.824
5/13/2024,3.828
5/10/2024,3.818
5/9/2024,3.806
5/8/2024,3.814
5/7/2024,3.788
5/6/2024,3.824
5/3/2024,3.827
5/2/2024,3.853
4/30/2024,3.825
4/29/2024,3.835
4/26/2024,3.865
4/25/2024,3.864
4/24/2024,3.879
4/23/2024,3.882
4/22/2024,3.891
4/19/2024,3.892
4/18/2024,3.897
4/17/2024,3.895
4/16/2024,3.904
4/15/2024,3.888
4/12/2024,3.923
4/11/2024,3.906
4/10/2024,3.912
4/9/2024,3.916
4/8/2024,3.902
4/5/2024,3.885
4/4/2024,3.891
4/3/2024,3.857
4/2/2024,3.883
3/28/2024,3.892
3/27/2024,3.908
3/26/2024,3.902
3/25/2024,3.886
3/22/2024,3.903
3/21/2024,3.926
3/20/2024,3.922
3/19/2024,3.935
3/18/2024,3.928
3/15/2024,3.928
3/14/2024,3.928
3/13/2024,3.94
3/12/2024,3.929
3/11/2024,3.928
3/8/2024,3.94
3/7/2024,3.929
3/6/2024,3.942
3/5/2024,3.926
3/4/2024,3.932
3/1/2024,3.938
2/29/2024,3.937
2/28/2024,3.942
2/27/2024,3.952
2/26/2024,3.952
2/23/2024,3.933
2/22/2024,3.945
2/21/2024,3.946
2/20/2024,3.943
2/19/2024,3.932
2/16/2024,3.933
2/15/2024,3.915
2/14/2024,3.922
2/13/2024,3.901
2/12/2024,3.912
2/9/2024,3.891
2/8/2024,3.898
2/7/2024,3.895
2/6/2024,3.932
2/5/2024,3.922
2/2/2024,3.9
2/1/2024,3.884
1/31/2024,3.905
1/30/2024,3.897
1/29/2024,3.912
1/26/2024,3.887
1/25/2024,3.925
1/24/2024,3.929
1/23/2024,3.948
1/22/2024,3.945
1/19/2024,3.958
1/18/2024,3.97
1/17/2024,3.903
1/16/2024,3.894
1/15/2024,3.928
1/12/2024,3.932
1/11/2024,3.942
1/10/2024,3.936
1/9/2024,3.928
1/8/2024,3.925
1/5/2024,3.936
1/4/2024,3.922
1/3/2024,3.929
1/2/2024,3.905
12/29/2023,3.909
12/28/2023,3.893
12/27/2023,3.925
12/22/2023,3.931
12/21/2023,3.916
12/20/2023,3.916
12/19/2023,3.923
12/18/2023,3.938
12/15/2023,3.92
12/14/2023,3.932
12/13/2023,3.925
12/12/2023,3.928
12/11/2023,3.958
12/8/2023,3.95
12/7/2023,3.969
12/6/2023,3.95
12/5/2023,3.958
12/4/2023,3.962
12/1/2023,3.96
11/30/2023,3.964
11/29/2023,3.975
11/28/2023,3.955
11/27/2023,3.951
11/24/2023,3.935
11/23/2023,3.956
11/22/2023,3.962
11/21/2023,3.973
11/20/2023,3.962
11/17/2023,3.984
11/16/2023,4.002
11/15/2023,3.994
11/14/2023,3.997
11/13/2023,4.002
11/10/2023,3.992
11/9/2023,3.987
11/8/2023,3.973
11/7/2023,3.966
11/6/2023,3.963
11/3/2023,3.956
11/2/2023,3.974
11/1/2023,3.953
10/31/2023,3.972
10/30/2023,3.968
10/27/2023,3.948
10/26/2023,3.952
10/25/2023,3.938
10/24/2023,3.941
10/23/2023,3.956
10/20/2023,3.969
10/19/2023,4.002
10/18/2023,3.993
10/17/2023,3.972
10/16/2023,3.975
10/13/2023,3.985
10/12/2023,3.965
10/11/2023,3.952
10/10/2023,3.988
10/9/2023,3.98
10/6/2023,3.983
10/5/2023,3.972
10/4/2023,3.962
10/3/2023,3.964
10/2/2023,3.951
9/29/2023,3.952
9/28/2023,3.955
9/27/2023,3.972
9/26/2023,3.941
9/25/2023,3.977
9/22/2023,3.958
9/21/2023,3.955
9/20/2023,3.934
9/19/2023,3.934
9/18/2023,3.903
9/15/2023,3.878
9/14/2023,3.867
9/13/2023,3.845
9/12/2023,3.824
9/11/2023,3.822
9/8/2023,3.8
9/7/2023,3.799
9/6/2023,3.795
9/5/2023,3.802
9/4/2023,3.798
9/1/2023,3.77
8/31/2023,3.795
8/30/2023,3.803
8/29/2023,3.783
8/28/2023,3.771
8/25/2023,3.788
8/24/2023,3.784
8/23/2023,3.826
8/22/2023,3.808
8/21/2023,3.806
8/18/2023,3.816
8/17/2023,3.815
8/16/2023,3.798
8/15/2023,3.787
8/14/2023,3.799
8/11/2023,3.781
8/10/2023,3.788
8/9/2023,3.759
8/8/2023,3.765
8/7/2023,3.754
8/4/2023,3.743
8/3/2023,3.722
8/2/2023,3.733
8/1/2023,3.723
7/31/2023,3.715
7/28/2023,3.725
7/27/2023,3.714
7/26/2023,3.714
7/25/2023,3.705
7/24/2023,3.716
7/21/2023,3.721
7/20/2023,3.698
7/19/2023,3.646
7/18/2023,3.705
7/17/2023,3.685
7/14/2023,3.66
7/13/2023,3.663
7/12/2023,3.657
7/11/2023,3.672
7/10/2023,3.661
7/7/2023,3.64
7/6/2023,3.612
7/5/2023,3.589
7/4/2023,3.613
7/3/2023,3.597
6/30/2023,3.577
6/29/2023,3.587
6/28/2023,3.598
6/27/2023,3.554
6/26/2023,3.577
6/23/2023,3.61
6/22/2023,3.6
6/21/2023,3.568
6/20/2023,3.587
6/19/2023,3.551
6/16/2023,3.572
6/15/2023,3.547
6/14/2023,3.522
6/13/2023,3.526
6/12/2023,3.478
6/9/2023,3.469
6/8/2023,3.486
6/7/2023,3.459
6/6/2023,3.476
6/5/2023,3.493
6/2/2023,3.49
6/1/2023,3.462
5/31/2023,3.463
5/30/2023,3.474
5/29/2023,3.483
5/26/2023,3.462
5/25/2023,3.457
5/24/2023,3.415
5/23/2023,3.422
5/22/2023,3.412
5/19/2023,3.415
5/18/2023,3.383
5/17/2023,3.388
5/16/2023,3.382
5/15/2023,3.358
5/12/2023,3.348
5/11/2023,3.323
5/10/2023,3.301
5/9/2023,3.27
5/8/2023,3.312
5/5/2023,3.28
5/4/2023,3.281
5/3/2023,3.275
5/2/2023,3.274
4/28/2023,3.265
4/27/2023,3.25
4/26/2023,3.242
4/25/2023,3.268
4/24/2023,3.288
4/21/2023,3.261
4/20/2023,3.211
4/19/2023,3.205
4/18/2023,3.2
4/17/2023,3.219
4/14/2023,3.175
4/13/2023,3.177
4/12/2023,3.126
4/11/2023,3.108
4/6/2023,3.075
4/5/2023,3.055
4/4/2023,3.052
4/3/2023,3.053
3/31/2023,3.038
3/30/2023,3.052
3/29/2023,3.015
3/28/2023,2.99
3/27/2023,3.012
3/24/2023,3.025
3/23/2023,2.99
3/22/2023,3.002
3/21/2023,2.908
3/20/2023,2.892
3/17/2023,2.75
3/16/2023,2.646
3/15/2023,2.815
3/14/2023,2.753
3/13/2023,2.957
3/10/2023,2.978
3/9/2023,2.948
3/8/2023,2.944
3/7/2023,2.92
3/6/2023,2.875
3/3/2023,2.849
3/2/2023,2.801
3/1/2023,2.783
2/28/2023,2.744
2/27/2023,2.716
2/24/2023,2.698
2/23/2023,2.693
2/22/2023,2.683
2/21/2023,2.682
2/20/2023,2.654
2/17/2023,2.667
2/16/2023,2.703
2/15/2023,2.682
2/14/2023,2.66
2/13/2023,2.654
2/10/2023,2.621
2/9/2023,2.607
2/8/2023,2.608
2/7/2023,2.602
2/6/2023,2.565
2/3/2023,2.545
2/2/2023,2.54
2/1/2023,2.483
1/31/2023,2.512
1/30/2023,2.482
1/27/2023,2.492
1/26/2023,2.468
1/25/2023,2.458
1/24/2023,2.501
1/23/2023,2.449
1/20/2023,2.417
1/19/2023,2.393
1/18/2023,2.342
1/17/2023,2.335
1/16/2023,2.334
1/13/2023,2.328
1/12/2023,2.288
1/11/2023,2.298
1/10/2023,2.284
1/9/2023,2.27
1/6/2023,2.254
1/5/2023,2.178
1/4/2023,2.17
1/3/2023,2.172
1/2/2023,2.162
12/30/2022,2.132
12/29/2022,2.184
12/28/2022,2.202
12/27/2022,2.128
12/23/2022,2.141
12/22/2022,2.125
12/21/2022,2.102
12/20/2022,2.081
12/19/2022,2.063
12/16/2022,2.047
12/15/2022,2.062
12/14/2022,2.081
12/13/2022,2.046
12/12/2022,2.052
12/9/2022,2.005
12/8/2022,1.99
12/7/2022,1.977
12/6/2022,1.993
12/5/2022,1.975
12/2/2022,1.975
12/1/2022,1.972
11/30/2022,1.973
11/29/2022,1.984
11/28/2022,1.954
11/25/2022,1.922
11/24/2022,1.908
11/23/2022,1.898
11/22/2022,1.863
11/21/2022,1.817
11/18/2022,1.821
11/17/2022,1.802
11/16/2022,1.803
11/15/2022,1.795
11/14/2022,1.791
11/11/2022,1.762
11/10/2022,1.798
11/9/2022,1.802
11/8/2022,1.791
11/7/2022,1.742
11/4/2022,1.734
11/3/2022,1.732
11/2/2022,1.726
11/1/2022,1.737
10/31/2022,1.704
10/28/2022,1.641
10/27/2022,1.605
10/26/2022,1.578
10/25/2022,1.577
10/24/2022,1.558
10/21/2022,1.543
10/20/2022,1.502
10/19/2022,1.462
10/18/2022,1.456
10/17/2022,1.458
10/14/2022,1.403
10/13/2022,1.378
10/12/2022,1.363
10/11/2022,1.34
10/10/2022,1.319
10/7/2022,1.288
10/6/2022,1.248
10/5/2022,1.2
10/4/2022,1.173
10/3/2022,1.185
9/30/2022,1.173
9/29/2022,1.16
9/28/2022,1.193
9/27/2022,1.228
9/26/2022,1.168
9/23/2022,1.153
9/22/2022,1.12
9/21/2022,1.118
9/20/2022,1.1
9/19/2022,1.066
9/16/2022,1.063
9/15/2022,1.03
9/14/2022,1.013
9/13/2022,1
9/12/2022,0.988
9/9/2022,0.934
9/8/2022,0.836
9/7/2022,0.822
9/6/2022,0.816
9/5/2022,0.783
9/2/2022,0.763
9/1/2022,0.712
8/31/2022,0.654
8/30/2022,0.62
8/29/2022,0.582
8/26/2022,0.542
8/25/2022,0.518
8/24/2022,0.493
8/23/2022,0.468
8/22/2022,0.453
8/19/2022,0.43
8/18/2022,0.391
8/17/2022,0.351
8/16/2022,0.333
8/15/2022,0.339
8/12/2022,0.333
8/11/2022,0.321
8/10/2022,0.325
8/9/2022,0.321
8/8/2022,0.301
8/5/2022,0.277
8/4/2022,0.269
8/3/2022,0.252
8/2/2022,0.26
8/1/2022,0.246
7/29/2022,0.232
7/28/2022,0.267
7/27/2022,0.238
7/26/2022,0.212
7/25/2022,0.233
7/22/2022,0.2
7/21/2022,0.145
7/20/2022,0.125
7/19/2022,0.042
7/18/2022,0.047
7/15/2022,0.072
7/14/2022,0.002
7/13/2022,-0.052
7/12/2022,-0.058
7/11/2022,-0.07
7/8/2022,-0.087
7/7/2022,-0.141
7/6/2022,-0.152
7/5/2022,-0.145
7/4/2022,-0.165
7/1/2022,-0.176
6/30/2022,-0.195
6/29/2022,-0.191
6/28/2022,-0.211
6/27/2022,-0.218
6/24/2022,-0.218
6/23/2022,-0.186
6/22/2022,-0.172
6/21/2022,-0.163
6/20/2022,-0.178
6/17/2022,-0.169
6/16/2022,-0.172
6/15/2022,-0.182
6/14/2022,-0.243
6/13/2022,-0.281
6/10/2022,-0.298
6/9/2022,-0.282
6/8/2022,-0.302
6/7/2022,-0.298
6/6/2022,-0.314
6/3/2022,-0.328
6/2/2022,-0.327
6/1/2022,-0.335
5/31/2022,-0.338
5/30/2022,-0.354
5/27/2022,-0.368
5/26/2022,-0.352
5/25/2022,-0.351
5/24/2022,-0.356
5/23/2022,-0.363
5/20/2022,-0.348
5/19/2022,-0.348
5/18/2022,-0.368
5/17/2022,-0.38
5/16/2022,-0.403
5/13/2022,-0.403
5/12/2022,-0.406
5/11/2022,-0.414
5/10/2022,-0.417
5/9/2022,-0.402
5/6/2022,-0.426
5/5/2022,-0.421
5/4/2022,-0.427
5/3/2022,-0.425
5/2/2022,-0.416
4/29/2022,-0.429
4/28/2022,-0.438
4/27/2022,-0.445
4/26/2022,-0.43
4/25/2022,-0.415
4/22/2022,-0.427
4/21/2022,-0.463
4/20/2022,-0.475
4/19/2022,-0.468
4/14/2022,-0.452
4/13/2022,-0.448
4/12/2022,-0.433
4/11/2022,-0.435
4/8/2022,-0.449
4/7/2022,-0.465
4/6/2022,-0.463
4/5/2022,-0.467
4/4/2022,-0.447
4/1/2022,-0.461
3/31/2022,-0.458
3/30/2022,-0.464
3/29/2022,-0.473
3/28/2022,-0.477
3/25/2022,-0.477
3/24/2022,-0.483
3/23/2022,-0.493
3/22/2022,-0.499
3/21/2022,-0.494
3/18/2022,-0.487
3/17/2022,-0.493
3/16/2022,-0.488
3/15/2022,-0.502
3/14/2022,-0.5
3/11/2022,-0.502
3/10/2022,-0.505
3/9/2022,-0.491
3/8/2022,-0.499
3/7/2022,-0.498
3/4/2022,-0.52
3/3/2022,-0.526
3/2/2022,-0.532
3/1/2022,-0.534
2/28/2022,-0.533
2/25/2022,-0.528
2/24/2022,-0.53
2/23/2022,-0.529
2/22/2022,-0.528
2/21/2022,-0.527
2/18/2022,-0.528
2/17/2022,-0.529
2/16/2022,-0.524
2/15/2022,-0.523
2/14/2022,-0.516
2/11/2022,-0.523
2/10/2022,-0.528
2/9/2022,-0.523
2/8/2022,-0.538
2/7/2022,-0.53
2/4/2022,-0.548
2/3/2022,-0.551
2/2/2022,-0.547
2/1/2022,-0.547
1/31/2022,-0.552
1/28/2022,-0.55
1/27/2022,-0.547
1/26/2022,-0.554
1/25/2022,-0.548
1/24/2022,-0.543
1/21/2022,-0.552
1/20/2022,-0.553
1/19/2022,-0.557
1/18/2022,-0.558
1/17/2022,-0.56
1/14/2022,-0.568
1/13/2022,-0.563
1/12/2022,-0.563
1/11/2022,-0.564
1/10/2022,-0.57
1/7/2022,-0.576
1/6/2022,-0.574
1/5/2022,-0.576
1/4/2022,-0.565
1/3/2022,-0.57
12/31/2021,-0.572
12/30/2021,-0.573
12/29/2021,-0.571
12/28/2021,-0.583
12/27/2021,-0.59
12/24/2021,-0.587
12/23/2021,-0.588
12/22/2021,-0.591
12/21/2021,-0.588
12/20/2021,-0.588
12/17/2021,-0.581
12/16/2021,-0.589
12/15/2021,-0.602
12/14/2021,-0.605
12/13/2021,-0.603
12/10/2021,-0.588
12/9/2021,-0.585
12/8/2021,-0.574
12/7/2021,-0.565
12/6/2021,-0.562
12/3/2021,-0.563
12/2/2021,-0.565
12/1/2021,-0.572
11/30/2021,-0.573
11/29/2021,-0.57
11/26/2021,-0.572
11/25/2021,-0.575
11/24/2021,-0.583
11/23/2021,-0.572
11/22/2021,-0.564
11/19/2021,-0.559
11/18/2021,-0.564
11/17/2021,-0.567
11/16/2021,-0.558
11/15/2021,-0.561
11/12/2021,-0.562
11/11/2021,-0.563
11/10/2021,-0.569
11/9/2021,-0.565
11/8/2021,-0.572
11/5/2021,-0.567
11/4/2021,-0.568
11/3/2021,-0.573
11/2/2021,-0.567
11/1/2021,-0.558
10/29/2021,-0.553
10/28/2021,-0.557
10/27/2021,-0.556
10/26/2021,-0.55
10/25/2021,-0.548
10/22/2021,-0.549
10/21/2021,-0.548
10/20/2021,-0.547
10/19/2021,-0.548
10/18/2021,-0.548
10/15/2021,-0.548
10/14/2021,-0.551
10/13/2021,-0.548
10/12/2021,-0.552
10/11/2021,-0.551
10/8/2021,-0.548
10/7/2021,-0.547
10/6/2021,-0.551
10/5/2021,-0.551
10/4/2021,-0.548
10/1/2021,-0.547
9/30/2021,-0.545
9/29/2021,-0.543
9/28/2021,-0.543
9/27/2021,-0.542
9/24/2021,-0.543
9/23/2021,-0.543
9/22/2021,-0.544
9/21/2021,-0.546
9/20/2021,-0.545
9/17/2021,-0.548
9/16/2021,-0.545
9/15/2021,-0.543
9/14/2021,-0.548
9/13/2021,-0.544
9/10/2021,-0.544
9/9/2021,-0.543
9/8/2021,-0.541
9/7/2021,-0.543
9/6/2021,-0.549
9/3/2021,-0.548
9/2/2021,-0.551
9/1/2021,-0.55
8/31/2021,-0.548
8/30/2021,-0.549
8/27/2021,-0.55
8/26/2021,-0.55
8/25/2021,-0.55
8/24/2021,-0.549
8/23/2021,-0.549
8/20/2021,-0.548
8/19/2021,-0.55
8/18/2021,-0.548
8/17/2021,-0.55
8/16/2021,-0.55
8/13/2021,-0.552
8/12/2021,-0.553
8/11/2021,-0.549
8/10/2021,-0.547
8/9/2021,-0.543
8/6/2021,-0.541
8/5/2021,-0.54
8/4/2021,-0.543
8/3/2021,-0.545
8/2/2021,-0.543
7/30/2021,-0.544
7/29/2021,-0.544
7/28/2021,-0.547
7/27/2021,-0.543
7/26/2021,-0.544
7/23/2021,-0.544
7/22/2021,-0.549
7/21/2021,-0.546
7/20/2021,-0.543
7/19/2021,-0.548
7/16/2021,-0.548
7/15/2021,-0.548
7/14/2021,-0.546
7/13/2021,-0.546
7/12/2021,-0.543
7/9/2021,-0.543
7/8/2021,-0.546
7/7/2021,-0.547
7/6/2021,-0.539
7/5/2021,-0.542
7/2/2021,-0.546
7/1/2021,-0.54
6/30/2021,-0.542
6/29/2021,-0.541
6/28/2021,-0.543
6/25/2021,-0.538
6/24/2021,-0.538
6/23/2021,-0.538
6/22/2021,-0.54
6/21/2021,-0.542
6/18/2021,-0.544
6/17/2021,-0.543
6/16/2021,-0.547
6/15/2021,-0.542
6/14/2021,-0.546
6/11/2021,-0.548
6/10/2021,-0.545
6/9/2021,-0.542
6/8/2021,-0.543
6/7/2021,-0.546
6/4/2021,-0.546
6/3/2021,-0.542
6/2/2021,-0.543
6/1/2021,-0.545
5/31/2021,-0.544
5/28/2021,-0.543
5/27/2021,-0.54
5/26/2021,-0.537
5/25/2021,-0.538
5/24/2021,-0.542
5/21/2021,-0.543
5/20/2021,-0.545
5/19/2021,-0.552
5/18/2021,-0.553
5/17/2021,-0.548
5/14/2021,-0.549
5/13/2021,-0.541
5/12/2021,-0.539
5/11/2021,-0.533
5/10/2021,-0.533
5/7/2021,-0.529
5/6/2021,-0.532
5/5/2021,-0.531
5/4/2021,-0.535
5/3/2021,-0.535
4/30/2021,-0.535
4/29/2021,-0.536
4/28/2021,-0.534
4/27/2021,-0.535
4/26/2021,-0.538
4/23/2021,-0.539
4/22/2021,-0.539
4/21/2021,-0.535
4/20/2021,-0.538
4/19/2021,-0.537
4/16/2021,-0.538
4/15/2021,-0.537
4/14/2021,-0.538
4/13/2021,-0.538
4/12/2021,-0.538
4/9/2021,-0.544
4/8/2021,-0.545
4/7/2021,-0.543
4/6/2021,-0.538
4/1/2021,-0.538
3/31/2021,-0.538
3/30/2021,-0.54
3/29/2021,-0.536
3/26/2021,-0.537
3/25/2021,-0.538
3/24/2021,-0.535
3/23/2021,-0.537
3/22/2021,-0.538
3/19/2021,-0.539
3/18/2021,-0.54
3/17/2021,-0.543
3/16/2021,-0.542
3/15/2021,-0.538
3/12/2021,-0.539
3/11/2021,-0.542
3/10/2021,-0.543
3/9/2021,-0.54
3/8/2021,-0.537
3/5/2021,-0.537
3/4/2021,-0.541
3/3/2021,-0.546
3/2/2021,-0.54
3/1/2021,-0.533
2/26/2021,-0.53
2/25/2021,-0.538
2/24/2021,-0.539
2/23/2021,-0.54
2/22/2021,-0.543
2/19/2021,-0.543
2/18/2021,-0.543
2/17/2021,-0.545
2/16/2021,-0.543
2/15/2021,-0.547
2/12/2021,-0.547
2/11/2021,-0.541
2/10/2021,-0.541
2/9/2021,-0.54
2/8/2021,-0.536
2/5/2021,-0.535
2/4/2021,-0.543
2/3/2021,-0.545
2/2/2021,-0.54
2/1/2021,-0.543
1/29/2021,-0.548
1/28/2021,-0.544
1/27/2021,-0.543
1/26/2021,-0.539
1/25/2021,-0.543
1/22/2021,-0.54
1/21/2021,-0.543
1/20/2021,-0.543
1/19/2021,-0.548
1/18/2021,-0.553
1/15/2021,-0.552
1/14/2021,-0.55
1/13/2021,-0.545
1/12/2021,-0.549
1/11/2021,-0.545
1/8/2021,-0.55
1/7/2021,-0.554
1/6/2021,-0.556
1/5/2021,-0.552
1/4/2021,-0.546
12/31/2020,-0.545
12/30/2020,-0.541
12/29/2020,-0.538
12/28/2020,-0.542
12/24/2020,-0.542
12/23/2020,-0.541
12/22/2020,-0.539
12/21/2020,-0.532
12/18/2020,-0.537
12/17/2020,-0.541
12/16/2020,-0.54
12/15/2020,-0.544
12/14/2020,-0.543
12/11/2020,-0.543
12/10/2020,-0.546
12/9/2020,-0.545
12/8/2020,-0.536
12/7/2020,-0.534
12/4/2020,-0.532
12/3/2020,-0.527
12/2/2020,-0.524
12/1/2020,-0.526
11/30/2020,-0.526
11/27/2020,-0.528
11/26/2020,-0.528
11/25/2020,-0.526
11/24/2020,-0.523
11/23/2020,-0.523
11/20/2020,-0.528
11/19/2020,-0.527
11/18/2020,-0.527
11/17/2020,-0.522
11/16/2020,-0.522
11/13/2020,-0.514
11/12/2020,-0.513
11/11/2020,-0.518
11/10/2020,-0.51
11/9/2020,-0.516
11/6/2020,-0.513
11/5/2020,-0.517
11/4/2020,-0.517
11/3/2020,-0.52
11/2/2020,-0.52
10/30/2020,-0.523
10/29/2020,-0.515
10/28/2020,-0.512
10/27/2020,-0.51
10/26/2020,-0.509
10/23/2020,-0.512
10/22/2020,-0.511
10/21/2020,-0.507
10/20/2020,-0.507
10/19/2020,-0.509
10/16/2020,-0.509
10/15/2020,-0.507
10/14/2020,-0.511
10/13/2020,-0.508
10/12/2020,-0.511
10/9/2020,-0.509
10/8/2020,-0.506
10/7/2020,-0.508
10/6/2020,-0.505
10/5/2020,-0.509
10/2/2020,-0.505
10/1/2020,-0.498
9/30/2020,-0.498
9/29/2020,-0.494
9/28/2020,-0.493
9/25/2020,-0.498
9/24/2020,-0.493
9/23/2020,-0.498
9/22/2020,-0.508
9/21/2020,-0.508
9/18/2020,-0.504
9/17/2020,-0.501
9/16/2020,-0.487
9/15/2020,-0.485
9/14/2020,-0.484
9/11/2020,-0.484
9/10/2020,-0.488
9/9/2020,-0.493
9/8/2020,-0.488
9/7/2020,-0.487
9/4/2020,-0.483
9/3/2020,-0.48
9/2/2020,-0.478
9/1/2020,-0.478
8/31/2020,-0.477
8/28/2020,-0.477
8/27/2020,-0.477
8/26/2020,-0.476
8/25/2020,-0.481
8/24/2020,-0.488
8/21/2020,-0.487
8/20/2020,-0.491
8/19/2020,-0.488
8/18/2020,-0.483
8/17/2020,-0.48
8/14/2020,-0.482
8/13/2020,-0.481
8/12/2020,-0.486
8/11/2020,-0.482
8/10/2020,-0.478
8/7/2020,-0.478
8/6/2020,-0.474
8/5/2020,-0.467
8/4/2020,-0.472
8/3/2020,-0.469
7/31/2020,-0.463
7/30/2020,-0.461
7/29/2020,-0.458
7/28/2020,-0.454
7/27/2020,-0.457
7/24/2020,-0.448
7/23/2020,-0.453
7/22/2020,-0.454
7/21/2020,-0.452
7/20/2020,-0.443
7/17/2020,-0.443
7/16/2020,-0.449
7/15/2020,-0.443
7/14/2020,-0.433
7/13/2020,-0.435
7/10/2020,-0.44
7/9/2020,-0.438
7/8/2020,-0.433
7/7/2020,-0.436
7/6/2020,-0.441
7/3/2020,-0.435
7/2/2020,-0.429
7/1/2020,-0.417
6/30/2020,-0.422
6/29/2020,-0.413
6/26/2020,-0.403
6/25/2020,-0.402
6/24/2020,-0.398
6/23/2020,-0.409
6/22/2020,-0.4
6/19/2020,-0.407
6/18/2020,-0.389
6/17/2020,-0.396
6/16/2020,-0.372
6/15/2020,-0.355
6/12/2020,-0.366
6/11/2020,-0.358
6/10/2020,-0.351
6/9/2020,-0.364
6/8/2020,-0.365
6/5/2020,-0.353
6/4/2020,-0.352
6/3/2020,-0.342
6/2/2020,-0.33
6/1/2020,-0.325
5/29/2020,-0.307
5/28/2020,-0.29
5/27/2020,-0.28
5/26/2020,-0.274
5/25/2020,-0.275
5/22/2020,-0.279
5/21/2020,-0.282
5/20/2020,-0.28
5/19/2020,-0.259
5/18/2020,-0.276
5/15/2020,-0.266
5/14/2020,-0.262
5/13/2020,-0.253
5/12/2020,-0.245
5/11/2020,-0.258
5/8/2020,-0.246
5/7/2020,-0.258
5/6/2020,-0.266
5/5/2020,-0.297
5/4/2020,-0.286
4/30/2020,-0.273
4/29/2020,-0.261
4/28/2020,-0.232
4/27/2020,-0.223
4/24/2020,-0.192
4/23/2020,-0.161
4/22/2020,-0.19
4/21/2020,-0.233
4/20/2020,-0.246
4/17/2020,-0.243
4/16/2020,-0.224
4/15/2020,-0.25
4/14/2020,-0.248
4/9/2020,-0.22
4/8/2020,-0.254
4/7/2020,-0.293
4/6/2020,-0.318
4/3/2020,-0.341
4/2/2020,-0.336
4/1/2020,-0.343
3/31/2020,-0.363
3/30/2020,-0.353
3/27/2020,-0.353
3/26/2020,-0.349
3/25/2020,-0.369
3/24/2020,-0.373
3/23/2020,-0.369
3/20/2020,-0.371
3/19/2020,-0.393
3/18/2020,-0.408
3/17/2020,-0.408
3/16/2020,-0.41
3/13/2020,-0.428
3/12/2020,-0.489
3/11/2020,-0.473
3/10/2020,-0.482
3/9/2020,-0.468
3/6/2020,-0.473
3/5/2020,-0.469
3/4/2020,-0.468
3/3/2020,-0.463
3/2/2020,-0.434
2/28/2020,-0.424
2/27/2020,-0.425
2/26/2020,-0.423
2/25/2020,-0.417
2/24/2020,-0.414
2/21/2020,-0.415
2/20/2020,-0.41
2/19/2020,-0.402
2/18/2020,-0.403
2/17/2020,-0.413
2/14/2020,-0.413
2/13/2020,-0.411
2/12/2020,-0.413
2/11/2020,-0.409
2/10/2020,-0.397
2/7/2020,-0.4
2/6/2020,-0.399
2/5/2020,-0.4
2/4/2020,-0.396
2/3/2020,-0.393
1/31/2020,-0.393
1/30/2020,-0.398
1/29/2020,-0.399
1/28/2020,-0.401
1/27/2020,-0.398
1/24/2020,-0.386
1/23/2020,-0.386
1/22/2020,-0.39
1/21/2020,-0.392
1/20/2020,-0.392
1/17/2020,-0.391
1/16/2020,-0.393
1/15/2020,-0.393
1/14/2020,-0.391
1/13/2020,-0.389
1/10/2020,-0.395
1/9/2020,-0.393
1/8/2020,-0.39
1/7/2020,-0.387
1/6/2020,-0.385
1/3/2020,-0.384
1/2/2020,-0.379
12/31/2019,-0.383
12/30/2019,-0.388
12/27/2019,-0.39
12/24/2019,-0.398
12/23/2019,-0.399
12/20/2019,-0.388
12/19/2019,-0.398
12/18/2019,-0.403
12/17/2019,-0.4
12/16/2019,-0.396
12/13/2019,-0.4
12/12/2019,-0.395
12/11/2019,-0.393
12/10/2019,-0.393
12/9/2019,-0.392
12/6/2019,-0.393
12/5/2019,-0.395
12/4/2019,-0.393
12/3/2019,-0.397
12/2/2019,-0.4
11/29/2019,-0.401
11/28/2019,-0.397
11/27/2019,-0.4
11/26/2019,-0.399
11/25/2019,-0.404
11/22/2019,-0.403
11/21/2019,-0.408
11/20/2019,-0.406
11/19/2019,-0.408
11/18/2019,-0.403
11/15/2019,-0.404
11/14/2019,-0.399
11/13/2019,-0.402
11/12/2019,-0.398
11/11/2019,-0.394
11/8/2019,-0.395
11/7/2019,-0.4
11/6/2019,-0.406
11/5/2019,-0.403
11/4/2019,-0.398
11/1/2019,-0.399
10/31/2019,-0.394
10/30/2019,-0.401
10/29/2019,-0.405
10/28/2019,-0.409
10/25/2019,-0.413
10/24/2019,-0.404
10/23/2019,-0.402
10/22/2019,-0.404
10/21/2019,-0.408
10/18/2019,-0.407
10/17/2019,-0.41
10/16/2019,-0.41
10/15/2019,-0.418
10/14/2019,-0.416
10/11/2019,-0.418
10/10/2019,-0.418
10/9/2019,-0.418
10/8/2019,-0.417
10/7/2019,-0.423
10/4/2019,-0.423
10/3/2019,-0.425
10/2/2019,-0.425
10/1/2019,-0.428
9/30/2019,-0.418
9/27/2019,-0.412
9/26/2019,-0.413
9/25/2019,-0.41
9/24/2019,-0.403
9/23/2019,-0.4
9/20/2019,-0.393
9/19/2019,-0.396
9/18/2019,-0.396
9/17/2019,-0.398
9/16/2019,-0.394
9/13/2019,-0.4
9/12/2019,-0.433
9/11/2019,-0.43
9/10/2019,-0.435
9/9/2019,-0.433
9/6/2019,-0.437
9/5/2019,-0.441
9/4/2019,-0.443
9/3/2019,-0.448
9/2/2019,-0.436
8/30/2019,-0.433
8/29/2019,-0.428
8/28/2019,-0.422
8/27/2019,-0.418
8/26/2019,-0.418
8/23/2019,-0.412
8/22/2019,-0.418
8/21/2019,-0.423
8/20/2019,-0.421
8/19/2019,-0.422
8/16/2019,-0.42
8/15/2019,-0.404
8/14/2019,-0.406
8/13/2019,-0.402
8/12/2019,-0.4
8/9/2019,-0.404
8/8/2019,-0.398
8/7/2019,-0.39
8/6/2019,-0.389
8/5/2019,-0.384
8/2/2019,-0.38
8/1/2019,-0.377
7/31/2019,-0.375
7/30/2019,-0.374
7/29/2019,-0.367
7/26/2019,-0.368
7/25/2019,-0.378
7/24/2019,-0.376
7/23/2019,-0.373
7/22/2019,-0.374
7/19/2019,-0.375
7/18/2019,-0.37
7/17/2019,-0.369
7/16/2019,-0.367
7/15/2019,-0.363
7/12/2019,-0.363
7/11/2019,-0.364
7/10/2019,-0.358
7/9/2019,-0.358
7/8/2019,-0.356
7/5/2019,-0.36
7/4/2019,-0.354
7/3/2019,-0.353
7/2/2019,-0.351
7/1/2019,-0.346
6/28/2019,-0.345
6/27/2019,-0.344
6/26/2019,-0.343
6/25/2019,-0.345
6/24/2019,-0.343
6/21/2019,-0.344
6/20/2019,-0.338
6/19/2019,-0.336
6/18/2019,-0.322
6/17/2019,-0.32
6/14/2019,-0.318
6/13/2019,-0.318
6/12/2019,-0.318
6/11/2019,-0.319
6/10/2019,-0.318
6/7/2019,-0.319
6/6/2019,-0.323
6/5/2019,-0.32
6/4/2019,-0.322
6/3/2019,-0.323
5/31/2019,-0.322
5/30/2019,-0.32
5/29/2019,-0.317
5/28/2019,-0.315
5/27/2019,-0.311
5/24/2019,-0.311
5/23/2019,-0.31
5/22/2019,-0.311
5/21/2019,-0.313
5/20/2019,-0.314
5/17/2019,-0.313
5/16/2019,-0.312
5/15/2019,-0.311
5/14/2019,-0.311
5/13/2019,-0.311
5/10/2019,-0.309
5/9/2019,-0.308
5/8/2019,-0.308
5/7/2019,-0.308
5/6/2019,-0.308
5/3/2019,-0.309
5/2/2019,-0.309
4/30/2019,-0.31
4/29/2019,-0.311
4/26/2019,-0.31
4/25/2019,-0.312
4/24/2019,-0.312
4/23/2019,-0.311
4/18/2019,-0.311
4/17/2019,-0.311
4/16/2019,-0.31
4/15/2019,-0.31
4/12/2019,-0.31
4/11/2019,-0.31
4/10/2019,-0.31
4/9/2019,-0.31
4/8/2019,-0.31
4/5/2019,-0.31
4/4/2019,-0.31
4/3/2019,-0.31
4/2/2019,-0.311
4/1/2019,-0.31
3/29/2019,-0.311
3/28/2019,-0.311
3/27/2019,-0.309
3/26/2019,-0.309
3/25/2019,-0.31
3/22/2019,-0.309
3/21/2019,-0.309
3/20/2019,-0.309
3/19/2019,-0.31
3/18/2019,-0.31
3/15/2019,-0.309
3/14/2019,-0.309
3/13/2019,-0.31
3/12/2019,-0.309
3/11/2019,-0.308
3/8/2019,-0.308
3/7/2019,-0.308
3/6/2019,-0.308
3/5/2019,-0.308
3/4/2019,-0.309
3/1/2019,-0.31
2/28/2019,-0.309
2/27/2019,-0.31
2/26/2019,-0.31
2/25/2019,-0.309
2/22/2019,-0.31
2/21/2019,-0.31
2/20/2019,-0.308
2/19/2019,-0.308
2/18/2019,-0.308
2/15/2019,-0.308
2/14/2019,-0.308
2/13/2019,-0.308
2/12/2019,-0.308
2/11/2019,-0.308
2/8/2019,-0.308
2/7/2019,-0.308
2/6/2019,-0.308
2/5/2019,-0.308
2/4/2019,-0.307
2/1/2019,-0.308
1/31/2019,-0.308
1/30/2019,-0.308
1/29/2019,-0.306
1/28/2019,-0.307
1/25/2019,-0.307
1/24/2019,-0.306
1/23/2019,-0.308
1/22/2019,-0.308
1/21/2019,-0.308
1/18/2019,-0.308
1/17/2019,-0.308
1/16/2019,-0.308
1/15/2019,-0.308
1/14/2019,-0.308
1/11/2019,-0.308
1/10/2019,-0.308
1/9/2019,-0.308
1/8/2019,-0.308
1/7/2019,-0.31
1/4/2019,-0.309
1/3/2019,-0.309
1/2/2019,-0.31
12/31/2018,-0.309
12/28/2018,-0.31
12/27/2018,-0.309
12/24/2018,-0.309
12/21/2018,-0.31
12/20/2018,-0.31
12/19/2018,-0.309
12/18/2018,-0.311
12/17/2018,-0.311
12/14/2018,-0.311
12/13/2018,-0.311
12/12/2018,-0.312
12/11/2018,-0.312
12/10/2018,-0.314
12/7/2018,-0.315
12/6/2018,-0.315
12/5/2018,-0.316
12/4/2018,-0.316
12/3/2018,-0.316
11/30/2018,-0.316
11/29/2018,-0.316
11/28/2018,-0.316
11/27/2018,-0.316
11/26/2018,-0.316
11/23/2018,-0.316
11/22/2018,-0.316
11/21/2018,-0.316
11/20/2018,-0.316
11/19/2018,-0.316
11/16/2018,-0.316
11/15/2018,-0.316
11/14/2018,-0.316
11/13/2018,-0.316
11/12/2018,-0.316
11/9/2018,-0.316
11/8/2018,-0.316
11/7/2018,-0.317
11/6/2018,-0.317
11/5/2018,-0.318
11/2/2018,-0.318
11/1/2018,-0.318
10/31/2018,-0.318
10/30/2018,-0.318
10/29/2018,-0.318
10/26/2018,-0.318
10/25/2018,-0.317
10/24/2018,-0.317
10/23/2018,-0.317
10/22/2018,-0.317
10/19/2018,-0.317
10/18/2018,-0.317
10/17/2018,-0.318
10/16/2018,-0.318
10/15/2018,-0.318
10/12/2018,-0.318
10/11/2018,-0.318
10/10/2018,-0.318
10/9/2018,-0.318
10/8/2018,-0.318
10/5/2018,-0.318
10/4/2018,-0.318
10/3/2018,-0.318
10/2/2018,-0.318
10/1/2018,-0.317
9/28/2018,-0.318
9/27/2018,-0.318
9/26/2018,-0.319
9/25/2018,-0.319
9/24/2018,-0.319
9/21/2018,-0.319
9/20/2018,-0.319
9/19/2018,-0.318
9/18/2018,-0.319
9/17/2018,-0.319
9/14/2018,-0.319
9/13/2018,-0.319
9/12/2018,-0.319
9/11/2018,-0.319
9/10/2018,-0.319
9/7/2018,-0.319
9/6/2018,-0.319
9/5/2018,-0.319
9/4/2018,-0.319
9/3/2018,-0.319
8/31/2018,-0.319
8/30/2018,-0.319
8/29/2018,-0.319
8/28/2018,-0.319
8/27/2018,-0.319
8/24/2018,-0.319
8/23/2018,-0.319
8/22/2018,-0.319
8/21/2018,-0.319
8/20/2018,-0.319
8/17/2018,-0.319
8/16/2018,-0.319
8/15/2018,-0.319
8/14/2018,-0.319
8/13/2018,-0.319
8/10/2018,-0.319
8/9/2018,-0.319
8/8/2018,-0.319
8/7/2018,-0.319
8/6/2018,-0.319
8/3/2018,-0.319
8/2/2018,-0.319
8/1/2018,-0.319
7/31/2018,-0.319
7/30/2018,-0.319
7/27/2018,-0.32
7/26/2018,-0.32
7/25/2018,-0.321
7/24/2018,-0.321
7/23/2018,-0.321
7/20/2018,-0.321
7/19/2018,-0.321
7/18/2018,-0.321
7/17/2018,-0.321
7/16/2018,-0.321
7/13/2018,-0.321
7/12/2018,-0.321
7/11/2018,-0.321
7/10/2018,-0.321
7/9/2018,-0.321
7/6/2018,-0.321
7/5/2018,-0.321
7/4/2018,-0.321
7/3/2018,-0.321
7/2/2018,-0.321
6/29/2018,-0.321
6/28/2018,-0.324
6/27/2018,-0.324
6/26/2018,-0.323
6/25/2018,-0.324
6/22/2018,-0.323
6/21/2018,-0.323
6/20/2018,-0.323
6/19/2018,-0.323
6/18/2018,-0.323
6/15/2018,-0.321
6/14/2018,-0.321
6/13/2018,-0.321
6/12/2018,-0.321
6/11/2018,-0.321
6/8/2018,-0.321
6/7/2018,-0.321
6/6/2018,-0.321
6/5/2018,-0.322
6/4/2018,-0.321
6/1/2018,-0.321
5/31/2018,-0.321
5/30/2018,-0.321
5/29/2018,-0.321
5/28/2018,-0.322
5/25/2018,-0.323
5/24/2018,-0.324
5/23/2018,-0.323
5/22/2018,-0.324
5/21/2018,-0.325
5/18/2018,-0.326
5/17/2018,-0.326
5/16/2018,-0.326
5/15/2018,-0.326
5/14/2018,-0.326
5/11/2018,-0.327
5/10/2018,-0.326
5/9/2018,-0.327
5/8/2018,-0.328
5/7/2018,-0.328
5/4/2018,-0.328
5/3/2018,-0.328
5/2/2018,-0.329
4/30/2018,-0.329
4/27/2018,-0.329
4/26/2018,-0.328
4/25/2018,-0.328
4/24/2018,-0.328
4/23/2018,-0.328
4/20/2018,-0.328
4/19/2018,-0.328
4/18/2018,-0.328
4/17/2018,-0.328
4/16/2018,-0.329
4/13/2018,-0.329
4/12/2018,-0.329
4/11/2018,-0.329
4/10/2018,-0.329
4/9/2018,-0.329
4/6/2018,-0.329
4/5/2018,-0.328
4/4/2018,-0.328
4/3/2018,-0.328
3/29/2018,-0.328
3/28/2018,-0.329
3/27/2018,-0.329
3/26/2018,-0.329
3/23/2018,-0.329
3/22/2018,-0.329
3/21/2018,-0.329
3/20/2018,-0.329
3/19/2018,-0.329
3/16/2018,-0.328
3/15/2018,-0.328
3/14/2018,-0.327
3/13/2018,-0.327
3/12/2018,-0.327
3/9/2018,-0.327
3/8/2018,-0.327
3/7/2018,-0.327
3/6/2018,-0.327
3/5/2018,-0.327
3/2/2018,-0.327
3/1/2018,-0.327
2/28/2018,-0.327
2/27/2018,-0.328
2/26/2018,-0.328
2/23/2018,-0.328
2/22/2018,-0.328
2/21/2018,-0.329
2/20/2018,-0.329
2/19/2018,-0.329
2/16/2018,-0.328
2/15/2018,-0.328
2/14/2018,-0.328
2/13/2018,-0.329
2/12/2018,-0.329
2/9/2018,-0.329
2/8/2018,-0.329
2/7/2018,-0.329
2/6/2018,-0.329
2/5/2018,-0.329
2/2/2018,-0.329
2/1/2018,-0.328
1/31/2018,-0.328
1/30/2018,-0.328
1/29/2018,-0.328
1/26/2018,-0.328
1/25/2018,-0.327
1/24/2018,-0.328
1/23/2018,-0.328
1/22/2018,-0.328
1/19/2018,-0.328
1/18/2018,-0.328
1/17/2018,-0.328
1/16/2018,-0.329
1/15/2018,-0.329
1/12/2018,-0.329
1/11/2018,-0.329
1/10/2018,-0.329
1/9/2018,-0.329
1/8/2018,-0.329
1/5/2018,-0.329
1/4/2018,-0.329
1/3/2018,-0.329
1/2/2018,-0.329
12/29/2017,-0.329
12/28/2017,-0.329
12/27/2017,-0.329
12/22/2017,-0.329
12/21/2017,-0.329
12/20/2017,-0.329
12/19/2017,-0.329
12/18/2017,-0.329
12/15/2017,-0.329
12/14/2017,-0.331
12/13/2017,-0.329
12/12/2017,-0.327
12/11/2017,-0.327
12/8/2017,-0.326
12/7/2017,-0.325
12/6/2017,-0.326
12/5/2017,-0.326
12/4/2017,-0.326
12/1/2017,-0.326
11/30/2017,-0.329
11/29/2017,-0.329
11/28/2017,-0.329
11/27/2017,-0.329
11/24/2017,-0.329
11/23/2017,-0.329
11/22/2017,-0.329
11/21/2017,-0.329
11/20/2017,-0.329
11/17/2017,-0.329
11/16/2017,-0.329
11/15/2017,-0.329
11/14/2017,-0.329
11/13/2017,-0.329
11/10/2017,-0.329
11/9/2017,-0.329
11/8/2017,-0.329
11/7/2017,-0.329
11/6/2017,-0.329
11/3/2017,-0.329
11/2/2017,-0.329
11/1/2017,-0.329
10/31/2017,-0.331
10/30/2017,-0.331
10/27/2017,-0.331
10/26/2017,-0.331
10/25/2017,-0.331
10/24/2017,-0.33
10/23/2017,-0.329
10/20/2017,-0.329
10/19/2017,-0.329
10/18/2017,-0.329
10/17/2017,-0.329
10/16/2017,-0.329
10/13/2017,-0.329
10/12/2017,-0.329
10/11/2017,-0.329
10/10/2017,-0.329
10/9/2017,-0.329
10/6/2017,-0.329
10/5/2017,-0.329
10/4/2017,-0.329
10/3/2017,-0.33
10/2/2017,-0.329
9/29/2017,-0.329
9/28/2017,-0.329
9/27/2017,-0.329
9/26/2017,-0.329
9/25/2017,-0.329
9/22/2017,-0.329
9/21/2017,-0.33
9/20/2017,-0.329
9/19/2017,-0.33
9/18/2017,-0.329
9/15/2017,-0.329
9/14/2017,-0.329
9/13/2017,-0.329
9/12/2017,-0.33
9/11/2017,-0.331
9/8/2017,-0.331
9/7/2017,-0.33
9/6/2017,-0.329
9/5/2017,-0.329
9/4/2017,-0.329
9/1/2017,-0.329
8/31/2017,-0.329
8/30/2017,-0.33
8/29/2017,-0.33
8/28/2017,-0.329
8/25/2017,-0.329
8/24/2017,-0.329
8/23/2017,-0.329
8/22/2017,-0.328
8/21/2017,-0.329
8/18/2017,-0.329
8/17/2017,-0.329
8/16/2017,-0.329
8/15/2017,-0.329
8/14/2017,-0.329
8/11/2017,-0.329
8/10/2017,-0.329
8/9/2017,-0.328
8/8/2017,-0.328
8/7/2017,-0.328
8/4/2017,-0.329
8/3/2017,-0.329
8/2/2017,-0.331
8/1/2017,-0.331
7/31/2017,-0.33
7/28/2017,-0.329
7/27/2017,-0.329
7/26/2017,-0.33
7/25/2017,-0.329
7/24/2017,-0.329
7/21/2017,-0.331
7/20/2017,-0.332
7/19/2017,-0.332
7/18/2017,-0.331
7/17/2017,-0.33
7/14/2017,-0.331
7/13/2017,-0.331
7/12/2017,-0.331
7/11/2017,-0.331
7/10/2017,-0.331
7/7/2017,-0.331
7/6/2017,-0.33
7/5/2017,-0.331
7/4/2017,-0.329
7/3/2017,-0.331
6/30/2017,-0.331
6/29/2017,-0.331
6/28/2017,-0.331
6/27/2017,-0.331
6/26/2017,-0.331
6/23/2017,-0.331
6/22/2017,-0.33
6/21/2017,-0.329
6/20/2017,-0.329
6/19/2017,-0.329
6/16/2017,-0.329
6/15/2017,-0.329
6/14/2017,-0.331
6/13/2017,-0.331
6/12/2017,-0.331
6/9/2017,-0.331
6/8/2017,-0.33
6/7/2017,-0.329
6/6/2017,-0.329
6/5/2017,-0.329
6/2/2017,-0.329
6/1/2017,-0.329
5/31/2017,-0.329
5/30/2017,-0.329
5/29/2017,-0.329
5/26/2017,-0.329
5/25/2017,-0.329
5/24/2017,-0.329
5/23/2017,-0.33
5/22/2017,-0.329
5/19/2017,-0.331
5/18/2017,-0.331
5/17/2017,-0.331
5/16/2017,-0.331
5/15/2017,-0.33
5/12/2017,-0.329
5/11/2017,-0.329
5/10/2017,-0.329
5/9/2017,-0.329
5/8/2017,-0.329
5/5/2017,-0.329
5/4/2017,-0.329
5/3/2017,-0.329
5/2/2017,-0.329
4/28/2017,-0.329
4/27/2017,-0.329
4/26/2017,-0.329
4/25/2017,-0.329
4/24/2017,-0.329
4/21/2017,-0.331
4/20/2017,-0.332
4/19/2017,-0.332
4/18/2017,-0.331
4/13/2017,-0.331
4/12/2017,-0.332
4/11/2017,-0.332
4/10/2017,-0.332
4/7/2017,-0.33
4/6/2017,-0.33
4/5/2017,-0.329
4/4/2017,-0.33
4/3/2017,-0.33
3/31/2017,-0.329
3/30/2017,-0.33
3/29/2017,-0.33
3/28/2017,-0.33
3/27/2017,-0.33
3/24/2017,-0.33
3/23/2017,-0.33
3/22/2017,-0.33
3/21/2017,-0.329
3/20/2017,-0.329
3/17/2017,-0.329
3/16/2017,-0.329
3/15/2017,-0.329
3/14/2017,-0.33
3/13/2017,-0.33
3/10/2017,-0.329
3/9/2017,-0.329
3/8/2017,-0.329
3/7/2017,-0.328
3/6/2017,-0.329
3/3/2017,-0.329
3/2/2017,-0.329
3/1/2017,-0.329
2/28/2017,-0.33
2/27/2017,-0.329
2/24/2017,-0.329
2/23/2017,-0.329
2/22/2017,-0.33
2/21/2017,-0.329
2/20/2017,-0.329
2/17/2017,-0.329
2/16/2017,-0.328
2/15/2017,-0.328
2/14/2017,-0.328
2/13/2017,-0.329
2/10/2017,-0.329
2/9/2017,-0.328
2/8/2017,-0.328
2/7/2017,-0.328
2/6/2017,-0.328
2/3/2017,-0.328
2/2/2017,-0.328
2/1/2017,-0.328
1/31/2017,-0.327
1/30/2017,-0.328
1/27/2017,-0.328
1/26/2017,-0.328
1/25/2017,-0.328
1/24/2017,-0.328
1/23/2017,-0.327
1/20/2017,-0.328
1/19/2017,-0.329
1/18/2017,-0.329
1/17/2017,-0.329
1/16/2017,-0.328
1/13/2017,-0.327
1/12/2017,-0.327
1/11/2017,-0.326
1/10/2017,-0.324
1/9/2017,-0.322
1/6/2017,-0.321
1/5/2017,-0.321
1/4/2017,-0.32
1/3/2017,-0.319
1/2/2017,-0.318
12/30/2016,-0.319
12/29/2016,-0.319
12/28/2016,-0.319
12/27/2016,-0.318
12/23/2016,-0.317
12/22/2016,-0.316
12/21/2016,-0.315
12/20/2016,-0.313
12/19/2016,-0.313
12/16/2016,-0.314
12/15/2016,-0.316
12/14/2016,-0.316
12/13/2016,-0.316
12/12/2016,-0.316
12/9/2016,-0.316
12/8/2016,-0.318
12/7/2016,-0.316
12/6/2016,-0.315
12/5/2016,-0.313
12/2/2016,-0.313
12/1/2016,-0.313
11/30/2016,-0.314
11/29/2016,-0.314
11/28/2016,-0.314
11/25/2016,-0.314
11/24/2016,-0.314
11/23/2016,-0.313
11/22/2016,-0.313
11/21/2016,-0.312
11/18/2016,-0.313
11/17/2016,-0.312
11/16/2016,-0.311
11/15/2016,-0.312
11/14/2016,-0.312
11/11/2016,-0.312
11/10/2016,-0.312
11/9/2016,-0.312
11/8/2016,-0.312
11/7/2016,-0.312
11/4/2016,-0.312
11/3/2016,-0.313
11/2/2016,-0.313
11/1/2016,-0.313
10/31/2016,-0.313
10/28/2016,-0.313
10/27/2016,-0.312
10/26/2016,-0.313
10/25/2016,-0.312
10/24/2016,-0.311
10/21/2016,-0.312
10/20/2016,-0.313
10/19/2016,-0.313
10/18/2016,-0.312
10/17/2016,-0.311
10/14/2016,-0.311
10/13/2016,-0.311
10/12/2016,-0.309
10/11/2016,-0.306
10/10/2016,-0.305
10/7/2016,-0.304
10/6/2016,-0.304
10/5/2016,-0.302
10/4/2016,-0.301
10/3/2016,-0.301
9/30/2016,-0.301
9/29/2016,-0.301
9/28/2016,-0.302
9/27/2016,-0.301
9/26/2016,-0.303
9/23/2016,-0.302
9/22/2016,-0.301
9/21/2016,-0.301
9/20/2016,-0.301
9/19/2016,-0.301
9/16/2016,-0.301
9/15/2016,-0.301
9/14/2016,-0.303
9/13/2016,-0.302
9/12/2016,-0.303
9/9/2016,-0.301
9/8/2016,-0.304
9/7/2016,-0.303
9/6/2016,-0.303
9/5/2016,-0.301
9/2/2016,-0.301
9/1/2016,-0.299
8/31/2016,-0.299
8/30/2016,-0.299
8/29/2016,-0.297
8/26/2016,-0.298
8/25/2016,-0.298
8/24/2016,-0.298
8/23/2016,-0.298
8/22/2016,-0.299
8/19/2016,-0.298
8/18/2016,-0.299
8/17/2016,-0.298
8/16/2016,-0.299
8/15/2016,-0.298
8/12/2016,-0.299
8/11/2016,-0.299
8/10/2016,-0.297
8/9/2016,-0.298
8/8/2016,-0.298
8/5/2016,-0.298
8/4/2016,-0.298
8/3/2016,-0.299
8/2/2016,-0.298
8/1/2016,-0.297
7/29/2016,-0.297
7/28/2016,-0.296
7/27/2016,-0.298
7/26/2016,-0.298
7/25/2016,-0.297
7/22/2016,-0.297
7/21/2016,-0.297
7/20/2016,-0.297
7/19/2016,-0.295
7/18/2016,-0.295
7/15/2016,-0.293
7/14/2016,-0.295
7/13/2016,-0.295
7/12/2016,-0.291
7/11/2016,-0.292
7/8/2016,-0.293
7/7/2016,-0.293
7/6/2016,-0.293
7/5/2016,-0.292
7/4/2016,-0.291
7/1/2016,-0.29
6/30/2016,-0.286
6/29/2016,-0.282
6/28/2016,-0.281
6/27/2016,-0.283
6/24/2016,-0.281
6/23/2016,-0.269
6/22/2016,-0.268
6/21/2016,-0.266
6/20/2016,-0.266
6/17/2016,-0.265
6/16/2016,-0.264
6/15/2016,-0.262
6/14/2016,-0.262
6/13/2016,-0.263
6/10/2016,-0.263
6/9/2016,-0.262
6/8/2016,-0.264
6/7/2016,-0.261
6/6/2016,-0.262
6/3/2016,-0.261
6/2/2016,-0.262
6/1/2016,-0.261
5/31/2016,-0.261
5/30/2016,-0.261
5/27/2016,-0.26
5/26/2016,-0.258
5/25/2016,-0.258
5/24/2016,-0.258
5/23/2016,-0.258
5/20/2016,-0.258
5/19/2016,-0.258
5/18/2016,-0.257
5/17/2016,-0.257
5/16/2016,-0.257
5/13/2016,-0.257
5/12/2016,-0.258
5/11/2016,-0.259
5/10/2016,-0.26
5/9/2016,-0.258
5/6/2016,-0.256
5/5/2016,-0.255
5/4/2016,-0.253
5/3/2016,-0.251
5/2/2016,-0.25
4/29/2016,-0.251
4/28/2016,-0.252
4/27/2016,-0.251
4/26/2016,-0.252
4/25/2016,-0.25
4/22/2016,-0.249
4/21/2016,-0.249
4/20/2016,-0.249
4/19/2016,-0.25
4/18/2016,-0.249
4/15/2016,-0.249
4/14/2016,-0.251
4/13/2016,-0.249
4/12/2016,-0.249
4/11/2016,-0.251
4/8/2016,-0.248
4/7/2016,-0.247
4/6/2016,-0.248
4/5/2016,-0.248
4/4/2016,-0.246
4/1/2016,-0.245
3/31/2016,-0.244
3/30/2016,-0.243
3/29/2016,-0.242
3/24/2016,-0.242
3/23/2016,-0.241
3/22/2016,-0.239
3/21/2016,-0.238
3/18/2016,-0.235
3/17/2016,-0.234
3/16/2016,-0.23
3/15/2016,-0.227
3/14/2016,-0.226
3/11/2016,-0.225
3/10/2016,-0.229
3/9/2016,-0.224
3/8/2016,-0.221
3/7/2016,-0.216
3/4/2016,-0.215
3/3/2016,-0.213
3/2/2016,-0.208
3/1/2016,-0.207
2/29/2016,-0.205
2/26/2016,-0.202
2/25/2016,-0.201
2/24/2016,-0.201
2/23/2016,-0.2
2/22/2016,-0.199
2/19/2016,-0.198
2/18/2016,-0.195
2/17/2016,-0.189
2/16/2016,-0.187
2/15/2016,-0.183
2/12/2016,-0.183
2/11/2016,-0.179
2/10/2016,-0.175
2/9/2016,-0.171
2/8/2016,-0.169
2/5/2016,-0.167
2/4/2016,-0.166
2/3/2016,-0.162
2/2/2016,-0.161
2/1/2016,-0.162
1/29/2016,-0.162
1/28/2016,-0.16
1/27/2016,-0.159
1/26/2016,-0.158
1/25/2016,-0.155
1/22/2016,-0.152
1/21/2016,-0.146
1/20/2016,-0.144
1/19/2016,-0.143
1/18/2016,-0.142
1/15/2016,-0.142
1/14/2016,-0.143
1/13/2016,-0.144
1/12/2016,-0.144
1/11/2016,-0.143
1/8/2016,-0.143
1/7/2016,-0.142
1/6/2016,-0.136
1/5/2016,-0.133
1/4/2016,-0.132
12/31/2015,-0.131
12/30/2015,-0.132
12/29/2015,-0.132
12/28/2015,-0.131
12/24/2015,-0.131
12/23/2015,-0.131
12/22/2015,-0.131
12/21/2015,-0.13
12/18/2015,-0.131
12/17/2015,-0.133
12/16/2015,-0.133
12/15/2015,-0.132
12/14/2015,-0.129
12/11/2015,-0.128
12/10/2015,-0.125
12/9/2015,-0.119
12/8/2015,-0.116
12/7/2015,-0.113
12/4/2015,-0.113
12/3/2015,-0.124
12/2/2015,-0.118
12/1/2015,-0.116
11/30/2015,-0.114
11/27/2015,-0.113
11/26/2015,-0.109
11/25/2015,-0.104
11/24/2015,-0.104
11/23/2015,-0.099
11/20/2015,-0.095
11/19/2015,-0.092
11/18/2015,-0.092
11/17/2015,-0.091
11/16/2015,-0.086
11/13/2015,-0.083
11/12/2015,-0.081
11/11/2015,-0.079
11/10/2015,-0.077
11/9/2015,-0.073
11/6/2015,-0.073
11/5/2015,-0.071
11/4/2015,-0.069
11/3/2015,-0.069
11/2/2015,-0.066
10/30/2015,-0.068
10/29/2015,-0.068
10/28/2015,-0.067
10/27/2015,-0.066
10/26/2015,-0.064
10/23/2015,-0.061
10/22/2015,-0.053
10/21/2015,-0.053
10/20/2015,-0.053
10/19/2015,-0.054
10/16/2015,-0.051
10/15/2015,-0.052
10/14/2015,-0.049
10/13/2015,-0.049
10/12/2015,-0.049
10/9/2015,-0.049
10/8/2015,-0.048
10/7/2015,-0.046
10/6/2015,-0.046
10/5/2015,-0.046
10/2/2015,-0.044
10/1/2015,-0.043
9/30/2015,-0.04
9/29/2015,-0.041
9/28/2015,-0.041
9/25/2015,-0.041
9/24/2015,-0.04
9/23/2015,-0.039
9/22/2015,-0.039
9/21/2015,-0.038
9/18/2015,-0.037
9/17/2015,-0.037
9/16/2015,-0.037
9/15/2015,-0.036
9/14/2015,-0.038
9/11/2015,-0.038
9/10/2015,-0.036
9/9/2015,-0.035
9/8/2015,-0.035
9/7/2015,-0.034
9/4/2015,-0.034
9/3/2015,-0.033
9/2/2015,-0.033
9/1/2015,-0.033
8/31/2015,-0.033
8/28/2015,-0.033
8/27/2015,-0.033
8/26/2015,-0.033
8/25/2015,-0.033
8/24/2015,-0.032
8/21/2015,-0.031
8/20/2015,-0.03
8/19/2015,-0.029
8/18/2015,-0.028
8/17/2015,-0.027
8/14/2015,-0.025
8/13/2015,-0.024
8/12/2015,-0.024
8/11/2015,-0.024
8/10/2015,-0.024
8/7/2015,-0.024
8/6/2015,-0.024
8/5/2015,-0.024
8/4/2015,-0.023
8/3/2015,-0.023
7/31/2015,-0.023
7/30/2015,-0.023
7/29/2015,-0.022
7/28/2015,-0.021
7/27/2015,-0.02
7/24/2015,-0.019
7/23/2015,-0.019
7/22/2015,-0.019
7/21/2015,-0.019
7/20/2015,-0.019
7/17/2015,-0.019
7/16/2015,-0.019
7/15/2015,-0.019
7/14/2015,-0.019
7/13/2015,-0.019
7/10/2015,-0.018
7/9/2015,-0.018
7/8/2015,-0.018
7/7/2015,-0.018
7/6/2015,-0.016
7/3/2015,-0.015
7/2/2015,-0.015
7/1/2015,-0.014
6/30/2015,-0.014
6/29/2015,-0.016
6/26/2015,-0.015
6/25/2015,-0.015
6/24/2015,-0.014
6/23/2015,-0.014
6/22/2015,-0.014
6/19/2015,-0.014
6/18/2015,-0.014
6/17/2015,-0.014
6/16/2015,-0.014
6/15/2015,-0.014
6/12/2015,-0.014
6/11/2015,-0.014
6/10/2015,-0.014
6/9/2015,-0.013
6/8/2015,-0.013
6/5/2015,-0.013
6/4/2015,-0.013
6/3/2015,-0.014
6/2/2015,-0.013
6/1/2015,-0.013
5/29/2015,-0.012
5/28/2015,-0.013
5/27/2015,-0.013
5/26/2015,-0.013
5/25/2015,-0.012
5/22/2015,-0.012
5/21/2015,-0.012
5/20/2015,-0.012
5/19/2015,-0.012
5/18/2015,-0.011
5/15/2015,-0.01
5/14/2015,-0.009
5/13/2015,-0.009
5/12/2015,-0.009
5/11/2015,-0.009
5/8/2015,-0.009
5/7/2015,-0.009
5/6/2015,-0.008
5/5/2015,-0.008
5/4/2015,-0.007
4/30/2015,-0.005
4/29/2015,-0.005
4/28/2015,-0.005
4/27/2015,-0.002
4/24/2015,-0.001
4/23/2015,-0.002
4/22/2015,-0.002
4/21/2015,-0.001
4/20/2015,0.001
4/17/2015,0.001
4/16/2015,0.002
4/15/2015,0.004
4/14/2015,0.008
4/13/2015,0.011
4/10/2015,0.012
4/9/2015,0.012
4/8/2015,0.014
4/7/2015,0.016
4/2/2015,0.018
4/1/2015,0.018
3/31/2015,0.019
3/30/2015,0.018
3/27/2015,0.021
3/26/2015,0.021
3/25/2015,0.021
3/24/2015,0.021
3/23/2015,0.022
3/20/2015,0.021
3/19/2015,0.024
3/18/2015,0.025
3/17/2015,0.025
3/16/2015,0.025
3/13/2015,0.025
3/12/2015,0.027
3/11/2015,0.029
3/10/2015,0.032
3/9/2015,0.035
3/6/2015,0.036
3/5/2015,0.036
3/4/2015,0.038
3/3/2015,0.038
3/2/2015,0.039
2/27/2015,0.039
2/26/2015,0.04
2/25/2015,0.042
2/24/2015,0.044
2/23/2015,0.045
2/20/2015,0.048
2/19/2015,0.048
2/18/2015,0.048
2/17/2015,0.047
2/16/2015,0.048
2/13/2015,0.048
2/12/2015,0.048
2/11/2015,0.049
2/10/2015,0.05
2/9/2015,0.051
2/6/2015,0.053
2/5/2015,0.051
2/4/2015,0.055
2/3/2015,0.055
2/2/2015,0.055
1/30/2015,0.054
1/29/2015,0.052
1/28/2015,0.053
1/27/2015,0.055
1/26/2015,0.054
1/23/2015,0.053
1/22/2015,0.055
1/21/2015,0.055
1/20/2015,0.055
1/19/2015,0.056
1/16/2015,0.06
1/15/2015,0.069
1/14/2015,0.069
1/13/2015,0.071
1/12/2015,0.071
1/9/2015,0.07
1/8/2015,0.07
1/7/2015,0.07
1/6/2015,0.073
1/5/2015,0.075
1/2/2015,0.076
12/31/2014,0.078
12/30/2014,0.078
12/29/2014,0.079
12/24/2014,0.08
12/23/2014,0.079
12/22/2014,0.081
12/19/2014,0.081
12/18/2014,0.079
12/17/2014,0.081
12/16/2014,0.082
12/15/2014,0.082
12/12/2014,0.082
12/11/2014,0.082
12/10/2014,0.083
12/9/2014,0.082
12/8/2014,0.082
12/5/2014,0.082
12/4/2014,0.082
12/3/2014,0.081
12/2/2014,0.081
12/1/2014,0.082
11/28/2014,0.082
11/27/2014,0.082
11/26/2014,0.082
11/25/2014,0.081
11/24/2014,0.081
11/21/2014,0.081
11/20/2014,0.081
11/19/2014,0.081
11/18/2014,0.081
11/17/2014,0.08
11/14/2014,0.079
11/13/2014,0.078
11/12/2014,0.079
11/11/2014,0.079
11/10/2014,0.08
11/7/2014,0.08
11/6/2014,0.081
11/5/2014,0.081
11/4/2014,0.084
11/3/2014,0.085
10/31/2014,0.086
10/30/2014,0.086
10/29/2014,0.088
10/28/2014,0.088
10/27/2014,0.088
10/24/2014,0.085
10/23/2014,0.085
10/22/2014,0.084
10/21/2014,0.082
10/20/2014,0.081
10/17/2014,0.081
10/16/2014,0.081
10/15/2014,0.081
10/14/2014,0.082
10/13/2014,0.082
10/10/2014,0.079
10/9/2014,0.079
10/8/2014,0.08
10/7/2014,0.079
10/6/2014,0.079
10/3/2014,0.081
10/2/2014,0.081
10/1/2014,0.082
9/30/2014,0.083
9/29/2014,0.083
9/26/2014,0.082
9/25/2014,0.082
9/24/2014,0.083
9/23/2014,0.082
9/22/2014,0.082
9/19/2014,0.083
9/18/2014,0.082
9/17/2014,0.082
9/16/2014,0.081
9/15/2014,0.081
9/12/2014,0.082
9/11/2014,0.084
9/10/2014,0.087
9/9/2014,0.089
9/8/2014,0.094
9/5/2014,0.104
9/4/2014,0.149
9/3/2014,0.15
9/2/2014,0.152
9/1/2014,0.159
8/29/2014,0.163
8/28/2014,0.167
8/27/2014,0.17
8/26/2014,0.171
8/25/2014,0.175
8/22/2014,0.183
8/21/2014,0.186
8/20/2014,0.187
8/19/2014,0.191
8/18/2014,0.196
8/15/2014,0.197
8/14/2014,0.198
8/13/2014,0.199
8/12/2014,0.201
8/11/2014,0.202
8/8/2014,0.203
8/7/2014,0.205
8/6/2014,0.206
8/5/2014,0.207
8/4/2014,0.208
8/1/2014,0.208
7/31/2014,0.209
7/30/2014,0.209
7/29/2014,0.209
7/28/2014,0.209
7/25/2014,0.209
7/24/2014,0.209
7/23/2014,0.208
7/22/2014,0.206
7/21/2014,0.204
7/18/2014,0.202
7/17/2014,0.201
7/16/2014,0.201
7/15/2014,0.202
7/14/2014,0.203
7/11/2014,0.203
7/10/2014,0.202
7/9/2014,0.203
7/8/2014,0.203
7/7/2014,0.203
7/4/2014,0.204
7/3/2014,0.206
7/2/2014,0.205
7/1/2014,0.206
6/30/2014,0.207
6/27/2014,0.207
6/26/2014,0.209
6/25/2014,0.208
6/24/2014,0.211
6/23/2014,0.211
6/20/2014,0.212
6/19/2014,0.212
6/18/2014,0.216
6/17/2014,0.217
6/16/2014,0.223
6/13/2014,0.234
6/12/2014,0.242
6/11/2014,0.258
6/10/2014,0.263
6/9/2014,0.264
6/6/2014,0.267
6/5/2014,0.292
6/4/2014,0.301
6/3/2014,0.307
6/2/2014,0.309
5/30/2014,0.311
5/29/2014,0.31
5/28/2014,0.314
5/27/2014,0.316
5/26/2014,0.317
5/23/2014,0.317
5/22/2014,0.318
5/21/2014,0.319
5/20/2014,0.318
5/19/2014,0.318
5/16/2014,0.318
5/15/2014,0.321
5/14/2014,0.328
5/13/2014,0.335
5/12/2014,0.335
5/9/2014,0.336
5/8/2014,0.338
5/7/2014,0.338
5/6/2014,0.337
5/5/2014,0.336
5/2/2014,0.336
4/30/2014,0.339
4/29/2014,0.347
4/28/2014,0.345
4/25/2014,0.344
4/24/2014,0.337
4/23/2014,0.332
4/22/2014,0.329
4/17/2014,0.328
4/16/2014,0.327
4/15/2014,0.327
4/14/2014,0.328
4/11/2014,0.328
4/10/2014,0.327
4/9/2014,0.327
4/8/2014,0.327
4/7/2014,0.327
4/4/2014,0.325
4/3/2014,0.319
4/2/2014,0.319
4/1/2014,0.313
3/31/2014,0.313
3/28/2014,0.31
3/27/2014,0.313
3/26/2014,0.315
3/25/2014,0.318
3/24/2014,0.32
3/21/2014,0.315
3/20/2014,0.313
3/19/2014,0.312
3/18/2014,0.309
3/17/2014,0.305
3/14/2014,0.303
3/13/2014,0.304
3/12/2014,0.304
3/11/2014,0.304
3/10/2014,0.307
3/7/2014,0.299
3/6/2014,0.287
3/5/2014,0.286
3/4/2014,0.287
3/3/2014,0.288
2/28/2014,0.286
2/27/2014,0.286
2/26/2014,0.288
2/25/2014,0.289
2/24/2014,0.288
2/21/2014,0.287
2/20/2014,0.286
2/19/2014,0.287
2/18/2014,0.288
2/17/2014,0.287
2/14/2014,0.287
2/13/2014,0.288
2/12/2014,0.291
2/11/2014,0.291
2/10/2014,0.291
2/7/2014,0.291
2/6/2014,0.286
2/5/2014,0.287
2/4/2014,0.288
2/3/2014,0.29
1/31/2014,0.296
1/30/2014,0.298
1/29/2014,0.3
1/28/2014,0.301
1/27/2014,0.3
1/24/2014,0.3
1/23/2014,0.3
1/22/2014,0.301
1/21/2014,0.302
1/20/2014,0.302
1/17/2014,0.302
1/16/2014,0.3
1/15/2014,0.29
1/14/2014,0.282
1/13/2014,0.282
1/10/2014,0.282
1/9/2014,0.282
1/8/2014,0.281
1/7/2014,0.28
1/6/2014,0.28
1/3/2014,0.28
1/2/2014,0.284
12/31/2013,0.287
12/30/2013,0.288
12/27/2013,0.293
12/24/2013,0.294
12/23/2013,0.294
12/20/2013,0.292
12/19/2013,0.293
12/18/2013,0.298
12/17/2013,0.298
12/16/2013,0.29
12/13/2013,0.282
12/12/2013,0.277
12/11/2013,0.267
12/10/2013,0.26
12/9/2013,0.255
12/6/2013,0.248
12/5/2013,0.24
12/4/2013,0.239
12/3/2013,0.239
12/2/2013,0.236
11/29/2013,0.234
11/28/2013,0.233
11/27/2013,0.23
11/26/2013,0.23
11/25/2013,0.227
11/22/2013,0.223
11/21/2013,0.217
11/20/2013,0.219
11/19/2013,0.218
11/18/2013,0.218
11/15/2013,0.218
11/14/2013,0.217
11/13/2013,0.218
11/12/2013,0.218
11/11/2013,0.218
11/8/2013,0.217
11/7/2013,0.228
11/6/2013,0.228
11/5/2013,0.227
11/4/2013,0.227
11/1/2013,0.226
10/31/2013,0.23
10/30/2013,0.228
10/29/2013,0.228
10/28/2013,0.229
10/25/2013,0.228
10/24/2013,0.225
10/23/2013,0.222
10/22/2013,0.223
10/21/2013,0.223
10/18/2013,0.224
10/17/2013,0.224
10/16/2013,0.225
10/15/2013,0.225
10/14/2013,0.227
10/11/2013,0.227
10/10/2013,0.227
10/9/2013,0.228
10/8/2013,0.227
10/7/2013,0.225
10/4/2013,0.225
10/3/2013,0.224
10/2/2013,0.225
10/1/2013,0.225
9/30/2013,0.225
9/27/2013,0.224
9/26/2013,0.221
9/25/2013,0.221
9/24/2013,0.221
9/23/2013,0.221
9/20/2013,0.221
9/19/2013,0.221
9/18/2013,0.222
9/17/2013,0.222
9/16/2013,0.223
9/13/2013,0.223
9/12/2013,0.224
9/11/2013,0.224
9/10/2013,0.225
9/9/2013,0.225
9/6/2013,0.225
9/5/2013,0.225
9/4/2013,0.225
9/3/2013,0.225
9/2/2013,0.225
8/30/2013,0.224
8/29/2013,0.225
8/28/2013,0.225
8/27/2013,0.225
8/26/2013,0.225
8/23/2013,0.225
8/22/2013,0.224
8/21/2013,0.224
8/20/2013,0.225
8/19/2013,0.226
8/16/2013,0.226
8/15/2013,0.226
8/14/2013,0.226
8/13/2013,0.225
8/12/2013,0.226
8/9/2013,0.227
8/8/2013,0.227
8/7/2013,0.227
8/6/2013,0.228
8/5/2013,0.227
8/2/2013,0.228
8/1/2013,0.228
7/31/2013,0.228
7/30/2013,0.227
7/29/2013,0.226
7/26/2013,0.226
7/25/2013,0.225
7/24/2013,0.225
7/23/2013,0.224
7/22/2013,0.221
7/19/2013,0.22
7/18/2013,0.22
7/17/2013,0.22
7/16/2013,0.219
7/15/2013,0.219
7/12/2013,0.22
7/11/2013,0.218
7/10/2013,0.217
7/9/2013,0.217
7/8/2013,0.217
7/5/2013,0.217
7/4/2013,0.222
7/3/2013,0.222
7/2/2013,0.221
7/1/2013,0.222
6/28/2013,0.218
6/27/2013,0.219
6/26/2013,0.222
6/25/2013,0.225
6/24/2013,0.221
6/21/2013,0.216
6/20/2013,0.214
6/19/2013,0.212
6/18/2013,0.21
6/17/2013,0.21
6/14/2013,0.209
6/13/2013,0.209
6/12/2013,0.208
6/11/2013,0.205
6/10/2013,0.204
6/7/2013,0.203
6/6/2013,0.2
6/5/2013,0.2
6/4/2013,0.2
6/3/2013,0.2
5/31/2013,0.2
5/30/2013,0.2
5/29/2013,0.2
5/28/2013,0.199
5/27/2013,0.201
5/24/2013,0.2
5/23/2013,0.199
5/22/2013,0.199
5/21/2013,0.198
5/20/2013,0.199
5/17/2013,0.2
5/16/2013,0.202
5/15/2013,0.203
5/14/2013,0.203
5/13/2013,0.203
5/10/2013,0.203
5/9/2013,0.203
5/8/2013,0.203
5/7/2013,0.202
5/6/2013,0.202
5/3/2013,0.201
5/2/2013,0.207
4/30/2013,0.207
4/29/2013,0.207
4/26/2013,0.207
4/25/2013,0.206
4/24/2013,0.206
4/23/2013,0.207
4/22/2013,0.208
4/19/2013,0.208
4/18/2013,0.208
4/17/2013,0.21
4/16/2013,0.21
4/15/2013,0.21
4/12/2013,0.21
4/11/2013,0.211
4/10/2013,0.211
4/9/2013,0.211
4/8/2013,0.21
4/5/2013,0.21
4/4/2013,0.21
4/3/2013,0.21
4/2/2013,0.21
3/28/2013,0.211
3/27/2013,0.212
3/26/2013,0.213
3/25/2013,0.214
3/22/2013,0.215
3/21/2013,0.211
3/20/2013,0.21
3/19/2013,0.207
3/18/2013,0.206
3/15/2013,0.204
3/14/2013,0.204
3/13/2013,0.203
3/12/2013,0.201
3/11/2013,0.201
3/8/2013,0.201
3/7/2013,0.2
3/6/2013,0.2
3/5/2013,0.2
3/4/2013,0.202
3/1/2013,0.206
2/28/2013,0.209
2/27/2013,0.21
2/26/2013,0.21
2/25/2013,0.213
2/22/2013,0.218
2/21/2013,0.22
2/20/2013,0.221
2/19/2013,0.221
2/18/2013,0.223
2/15/2013,0.225
2/14/2013,0.226
2/13/2013,0.226
2/12/2013,0.226
2/11/2013,0.227
2/8/2013,0.227
2/7/2013,0.232
2/6/2013,0.233
2/5/2013,0.233
2/4/2013,0.233
2/1/2013,0.234
1/31/2013,0.232
1/30/2013,0.23
1/29/2013,0.226
1/28/2013,0.224
1/25/2013,0.214
1/24/2013,0.211
1/23/2013,0.209
1/22/2013,0.209
1/21/2013,0.209
1/18/2013,0.209
1/17/2013,0.204
1/16/2013,0.201
1/15/2013,0.202
1/14/2013,0.199
1/11/2013,0.195
1/10/2013,0.19
1/9/2013,0.192
1/8/2013,0.192
1/7/2013,0.192
1/4/2013,0.191
1/3/2013,0.189
1/2/2013,0.188
12/31/2012,0.187
12/28/2012,0.186
12/27/2012,0.185
12/24/2012,0.186
12/21/2012,0.184
12/20/2012,0.183
12/19/2012,0.183
12/18/2012,0.184
12/17/2012,0.184
12/14/2012,0.184
12/13/2012,0.183
12/12/2012,0.183
12/11/2012,0.181
12/10/2012,0.183
12/7/2012,0.187
12/6/2012,0.19
12/5/2012,0.19
12/4/2012,0.191
12/3/2012,0.19
11/30/2012,0.191
11/29/2012,0.19
11/28/2012,0.188
11/27/2012,0.189
11/26/2012,0.189
11/23/2012,0.19
11/22/2012,0.19
11/21/2012,0.19
11/20/2012,0.19
11/19/2012,0.191
11/16/2012,0.191
11/15/2012,0.191
11/14/2012,0.191
11/13/2012,0.192
11/12/2012,0.192
11/9/2012,0.193
11/8/2012,0.194
11/7/2012,0.196
11/6/2012,0.196
11/5/2012,0.196
11/2/2012,0.197
11/1/2012,0.197
10/31/2012,0.197
10/30/2012,0.198
10/29/2012,0.196
10/26/2012,0.199
10/25/2012,0.201
10/24/2012,0.202
10/23/2012,0.203
10/22/2012,0.204
10/19/2012,0.204
10/18/2012,0.205
10/17/2012,0.207
10/16/2012,0.208
10/15/2012,0.209
10/12/2012,0.21
10/11/2012,0.21
10/10/2012,0.211
10/9/2012,0.212
10/8/2012,0.214
10/5/2012,0.215
10/4/2012,0.216
10/3/2012,0.218
10/2/2012,0.22
10/1/2012,0.223
9/28/2012,0.22
9/27/2012,0.221
9/26/2012,0.222
9/25/2012,0.222
9/24/2012,0.225
9/21/2012,0.228
9/20/2012,0.233
9/19/2012,0.238
9/18/2012,0.244
9/17/2012,0.248
9/14/2012,0.25
9/13/2012,0.252
9/12/2012,0.255
9/11/2012,0.258
9/10/2012,0.261
9/7/2012,0.265
9/6/2012,0.266
9/5/2012,0.269
9/4/2012,0.273
9/3/2012,0.276
8/31/2012,0.278
8/30/2012,0.283
8/29/2012,0.288
8/28/2012,0.29
8/27/2012,0.293
8/24/2012,0.295
8/23/2012,0.303
8/22/2012,0.31
8/21/2012,0.318
8/20/2012,0.325
8/17/2012,0.334
8/16/2012,0.339
8/15/2012,0.341
8/14/2012,0.345
8/13/2012,0.349
8/10/2012,0.353
8/9/2012,0.36
8/8/2012,0.366
8/7/2012,0.37
8/6/2012,0.374
8/3/2012,0.375
8/2/2012,0.375
8/1/2012,0.381
7/31/2012,0.389
7/30/2012,0.401
7/27/2012,0.415
7/26/2012,0.422
7/25/2012,0.427
7/24/2012,0.435
7/23/2012,0.442
7/20/2012,0.451
7/19/2012,0.458
7/18/2012,0.464
7/17/2012,0.47
7/16/2012,0.477
7/13/2012,0.486
7/12/2012,0.497
7/11/2012,0.512
7/10/2012,0.521
7/9/2012,0.531
7/6/2012,0.549
7/5/2012,0.641
7/4/2012,0.645
7/3/2012,0.65
7/2/2012,0.652
6/29/2012,0.653
6/28/2012,0.653
6/27/2012,0.652
6/26/2012,0.653
6/25/2012,0.653
6/22/2012,0.654
6/21/2012,0.655
6/20/2012,0.657
6/19/2012,0.657
6/18/2012,0.659
6/15/2012,0.662
6/14/2012,0.663
6/13/2012,0.662
6/12/2012,0.661
6/11/2012,0.661
6/8/2012,0.663
6/7/2012,0.663
6/6/2012,0.663
6/5/2012,0.663
6/4/2012,0.664
6/1/2012,0.665
5/31/2012,0.668
5/30/2012,0.671
5/29/2012,0.673
5/28/2012,0.673
5/25/2012,0.675
5/24/2012,0.677
5/23/2012,0.68
5/22/2012,0.681
5/21/2012,0.682
5/18/2012,0.684
5/17/2012,0.686
5/16/2012,0.685
5/15/2012,0.687
5/14/2012,0.689
5/11/2012,0.69
5/10/2012,0.69
5/9/2012,0.691
5/8/2012,0.692
5/7/2012,0.693
5/4/2012,0.697
5/3/2012,0.7
5/2/2012,0.704
4/30/2012,0.708
4/27/2012,0.715
4/26/2012,0.72
4/25/2012,0.724
4/24/2012,0.727
4/23/2012,0.731
4/20/2012,0.734
4/19/2012,0.737
4/18/2012,0.741
4/17/2012,0.746
4/16/2012,0.75
4/13/2012,0.753
4/12/2012,0.757
4/11/2012,0.76
4/10/2012,0.764
4/5/2012,0.766
4/4/2012,0.768
4/3/2012,0.77
4/2/2012,0.771
3/30/2012,0.777
3/29/2012,0.783
3/28/2012,0.787
3/27/2012,0.794
3/26/2012,0.8
3/23/2012,0.808
3/22/2012,0.817
3/21/2012,0.824
3/20/2012,0.832
3/19/2012,0.842
3/16/2012,0.853
3/15/2012,0.862
3/14/2012,0.871
3/13/2012,0.876
3/12/2012,0.884
3/9/2012,0.894
3/8/2012,0.902
3/7/2012,0.911
3/6/2012,0.92
3/5/2012,0.934
3/2/2012,0.948
3/1/2012,0.967
2/29/2012,0.983
2/28/2012,0.991
2/27/2012,0.997
2/24/2012,1.006
2/23/2012,1.014
2/22/2012,1.021
2/21/2012,1.026
2/20/2012,1.031
2/17/2012,1.036
2/16/2012,1.041
2/15/2012,1.045
2/14/2012,1.051
2/13/2012,1.057
2/10/2012,1.063
2/9/2012,1.07
2/8/2012,1.077
2/7/2012,1.086
2/6/2012,1.094
2/3/2012,1.102
2/2/2012,1.108
2/1/2012,1.115
1/31/2012,1.125
1/30/2012,1.131
1/27/2012,1.138
1/26/2012,1.142
1/25/2012,1.149
1/24/2012,1.158
1/23/2012,1.168
1/20/2012,1.182
1/19/2012,1.195
1/18/2012,1.204
1/17/2012,1.213
1/16/2012,1.222
1/13/2012,1.231
1/12/2012,1.245
1/11/2012,1.257
1/10/2012,1.267
1/9/2012,1.276
1/6/2012,1.288
1/5/2012,1.303
1/4/2012,1.319
1/3/2012,1.333
1/2/2012,1.343
12/30/2011,1.356
12/29/2011,1.369
12/28/2011,1.387
12/27/2011,1.396
12/23/2011,1.404
12/22/2011,1.41
12/21/2011,1.416
12/20/2011,1.418
12/19/2011,1.418
12/16/2011,1.417
12/15/2011,1.419
12/14/2011,1.423
12/13/2011,1.426
12/12/2011,1.43
12/9/2011,1.437
12/8/2011,1.47
12/7/2011,1.472
12/6/2011,1.472
12/5/2011,1.47
12/2/2011,1.469
12/1/2011,1.469
11/30/2011,1.473
11/29/2011,1.477
11/28/2011,1.477
11/25/2011,1.475
11/24/2011,1.474
11/23/2011,1.471
11/22/2011,1.467
11/21/2011,1.467
11/18/2011,1.465
11/17/2011,1.46
11/16/2011,1.458
11/15/2011,1.457
11/14/2011,1.459
11/11/2011,1.462
11/10/2011,1.464
11/9/2011,1.47
11/8/2011,1.474
11/7/2011,1.476
11/4/2011,1.488
11/3/2011,1.58
11/2/2011,1.584
11/1/2011,1.585
10/31/2011,1.591
10/28/2011,1.592
10/27/2011,1.59
10/26/2011,1.588
10/25/2011,1.588
10/24/2011,1.588
10/21/2011,1.585
10/20/2011,1.584
10/19/2011,1.582
10/18/2011,1.579
10/17/2011,1.578
10/14/2011,1.574
10/13/2011,1.572
10/12/2011,1.571
10/11/2011,1.57
10/10/2011,1.567
10/7/2011,1.566
10/6/2011,1.556
10/5/2011,1.558
10/4/2011,1.557
10/3/2011,1.557
9/30/2011,1.554
9/29/2011,1.55
9/28/2011,1.544
9/27/2011,1.537
9/26/2011,1.535
9/23/2011,1.537
9/22/2011,1.536
9/21/2011,1.537
9/20/2011,1.537
9/19/2011,1.536
9/16/2011,1.535
9/15/2011,1.531
9/14/2011,1.529
9/13/2011,1.528
9/12/2011,1.527
9/9/2011,1.53
9/8/2011,1.532
9/7/2011,1.532
9/6/2011,1.534
9/5/2011,1.537
9/2/2011,1.541
9/1/2011,1.543
8/31/2011,1.542
8/30/2011,1.54
8/29/2011,1.54
8/26/2011,1.54
8/25/2011,1.539
8/24/2011,1.539
8/23/2011,1.536
8/22/2011,1.534
8/19/2011,1.533
8/18/2011,1.535
8/17/2011,1.535
8/16/2011,1.536
8/15/2011,1.538
8/12/2011,1.535
8/11/2011,1.535
8/10/2011,1.545
8/9/2011,1.555
8/8/2011,1.56
8/5/2011,1.564
8/4/2011,1.602
8/3/2011,1.601
8/2/2011,1.605
8/1/2011,1.609
7/29/2011,1.609
7/28/2011,1.61
7/27/2011,1.612
7/26/2011,1.615
7/25/2011,1.613
7/22/2011,1.611
7/21/2011,1.608
7/20/2011,1.604
7/19/2011,1.609
7/18/2011,1.608
7/15/2011,1.608
7/14/2011,1.606
7/13/2011,1.605
7/12/2011,1.599
7/11/2011,1.601
7/8/2011,1.593
7/7/2011,1.583
7/6/2011,1.569
7/5/2011,1.568
7/4/2011,1.563
7/1/2011,1.556
6/30/2011,1.547
6/29/2011,1.537
6/28/2011,1.531
6/27/2011,1.524
6/24/2011,1.528
6/23/2011,1.526
6/22/2011,1.526
6/21/2011,1.52
6/20/2011,1.51
6/17/2011,1.502
6/16/2011,1.494
6/15/2011,1.485
6/14/2011,1.477
6/13/2011,1.471
6/10/2011,1.469
6/9/2011,1.464
6/8/2011,1.452
6/7/2011,1.443
6/6/2011,1.438
6/3/2011,1.436
6/2/2011,1.435
6/1/2011,1.434
5/31/2011,1.433
5/30/2011,1.43
5/27/2011,1.43
5/26/2011,1.433
5/25/2011,1.435
5/24/2011,1.434
5/23/2011,1.434
5/20/2011,1.435
5/19/2011,1.434
5/18/2011,1.431
5/17/2011,1.428
5/16/2011,1.426
5/13/2011,1.425
5/12/2011,1.42
5/11/2011,1.42
5/10/2011,1.426
5/9/2011,1.423
5/6/2011,1.419
5/5/2011,1.424
5/4/2011,1.415
5/3/2011,1.402
5/2/2011,1.395
4/29/2011,1.385
4/28/2011,1.375
4/27/2011,1.365
4/26/2011,1.361
4/21/2011,1.356
4/20/2011,1.349
4/19/2011,1.343
4/18/2011,1.338
4/15/2011,1.332
4/14/2011,1.332
4/13/2011,1.327
4/12/2011,1.32
4/11/2011,1.311
4/8/2011,1.294
4/7/2011,1.28
4/6/2011,1.269
4/5/2011,1.262
4/4/2011,1.255
4/1/2011,1.249
3/31/2011,1.239
3/30/2011,1.231
3/29/2011,1.219
3/28/2011,1.21
3/25/2011,1.203
3/24/2011,1.197
3/23/2011,1.191
3/22/2011,1.185
3/21/2011,1.179
3/18/2011,1.172
3/17/2011,1.17
3/16/2011,1.17
3/15/2011,1.167
3/14/2011,1.174
3/11/2011,1.173
3/10/2011,1.175
3/9/2011,1.179
3/8/2011,1.18
3/7/2011,1.172
3/4/2011,1.162
3/3/2011,1.098
3/2/2011,1.095
3/1/2011,1.096
2/28/2011,1.094
2/25/2011,1.092
2/24/2011,1.088
2/23/2011,1.087
2/22/2011,1.082
2/21/2011,1.079
2/18/2011,1.078
2/17/2011,1.086
2/16/2011,1.089
2/15/2011,1.09
2/14/2011,1.091
2/11/2011,1.093
2/10/2011,1.094
2/9/2011,1.089
2/8/2011,1.079
2/7/2011,1.084
2/4/2011,1.088
2/3/2011,1.087
2/2/2011,1.083
2/1/2011,1.082
1/31/2011,1.074
1/28/2011,1.063
1/27/2011,1.057
1/26/2011,1.051
1/25/2011,1.031
1/24/2011,1.029
1/21/2011,1.025
1/20/2011,1.016
1/19/2011,1.014
1/18/2011,1.012
1/17/2011,1.009
1/14/2011,1.006
1/13/2011,0.998
1/12/2011,0.995
1/11/2011,0.995
1/10/2011,0.995
1/7/2011,0.997
1/6/2011,0.997
1/5/2011,0.998
1/4/2011,0.999
1/3/2011,1.001
12/31/2010,1.006
12/30/2010,1.01
12/29/2010,1.013
12/28/2010,1.014
12/27/2010,1.014
12/24/2010,1.014
12/23/2010,1.015
12/22/2010,1.021
12/21/2010,1.022
12/20/2010,1.022
12/17/2010,1.023
12/16/2010,1.024
12/15/2010,1.025
12/14/2010,1.026
12/13/2010,1.026
12/10/2010,1.028
12/9/2010,1.029
12/8/2010,1.029
12/7/2010,1.029
12/6/2010,1.028
12/3/2010,1.027
12/2/2010,1.027
12/1/2010,1.026
11/30/2010,1.028
11/29/2010,1.027
11/26/2010,1.028
11/25/2010,1.031
11/24/2010,1.03
11/23/2010,1.035
11/22/2010,1.039
11/19/2010,1.04
11/18/2010,1.041
11/17/2010,1.044
11/16/2010,1.046
11/15/2010,1.048
11/12/2010,1.049
11/11/2010,1.05
11/10/2010,1.048
11/9/2010,1.049
11/8/2010,1.05
11/5/2010,1.05
11/4/2010,1.05
11/3/2010,1.049
11/2/2010,1.047
11/1/2010,1.046
10/29/2010,1.045
10/28/2010,1.045
10/27/2010,1.043
10/26/2010,1.037
10/25/2010,1.032
10/22/2010,1.029
10/21/2010,1.025
10/20/2010,1.016
10/19/2010,1.008
10/18/2010,1
10/15/2010,0.993
10/14/2010,0.987
10/13/2010,0.985
10/12/2010,0.982
10/11/2010,0.977
10/8/2010,0.972
10/7/2010,0.965
10/6/2010,0.959
10/5/2010,0.956
10/4/2010,0.953
10/1/2010,0.942
9/30/2010,0.892
9/29/2010,0.886
9/28/2010,0.88
9/27/2010,0.879
9/24/2010,0.879
9/23/2010,0.878
9/22/2010,0.879
9/21/2010,0.879
9/20/2010,0.876
9/17/2010,0.879
9/16/2010,0.879
9/15/2010,0.876
9/14/2010,0.877
9/13/2010,0.879
9/10/2010,0.878
9/9/2010,0.879
9/8/2010,0.88
9/7/2010,0.881
9/6/2010,0.882
9/3/2010,0.883
9/2/2010,0.884
9/1/2010,0.886
8/31/2010,0.886
8/30/2010,0.888
8/27/2010,0.888
8/26/2010,0.889
8/25/2010,0.89
8/24/2010,0.889
8/23/2010,0.891
8/20/2010,0.89
8/19/2010,0.891
8/18/2010,0.894
8/17/2010,0.895
8/16/2010,0.896
8/13/2010,0.898
8/12/2010,0.899
8/11/2010,0.903
8/10/2010,0.904
8/9/2010,0.904
8/6/2010,0.905
8/5/2010,0.904
8/4/2010,0.9
8/3/2010,0.899
8/2/2010,0.898
7/30/2010,0.896
7/29/2010,0.899
7/28/2010,0.896
7/27/2010,0.893
7/26/2010,0.889
7/23/2010,0.885
7/22/2010,0.884
7/21/2010,0.881
7/20/2010,0.876
7/19/2010,0.87
7/16/2010,0.861
7/15/2010,0.846
7/14/2010,0.84
7/13/2010,0.835
7/12/2010,0.827
7/9/2010,0.822
7/8/2010,0.81
7/7/2010,0.802
7/6/2010,0.797
7/5/2010,0.793
7/2/2010,0.79
7/1/2010,0.782
6/30/2010,0.767
6/29/2010,0.761
6/28/2010,0.754
6/25/2010,0.748
6/24/2010,0.742
6/23/2010,0.739
6/22/2010,0.737
6/21/2010,0.733
6/18/2010,0.732
6/17/2010,0.729
6/16/2010,0.727
6/15/2010,0.723
6/14/2010,0.72
6/11/2010,0.719
6/10/2010,0.718
6/9/2010,0.715
6/8/2010,0.713
6/7/2010,0.711
6/4/2010,0.707
6/3/2010,0.706
6/2/2010,0.704
6/1/2010,0.702
5/31/2010,0.701
5/28/2010,0.699
5/27/2010,0.699
5/26/2010,0.697
5/25/2010,0.697
5/24/2010,0.697
5/21/2010,0.695
5/20/2010,0.692
5/19/2010,0.69
5/18/2010,0.688
5/17/2010,0.685
5/14/2010,0.684
5/13/2010,0.683
5/12/2010,0.682
5/11/2010,0.682
5/10/2010,0.682
5/7/2010,0.682
5/6/2010,0.677
5/5/2010,0.672
5/4/2010,0.668
5/3/2010,0.665
4/30/2010,0.663
4/29/2010,0.659
4/28/2010,0.654
4/27/2010,0.646
4/26/2010,0.645
4/23/2010,0.645
4/22/2010,0.644
4/21/2010,0.642
4/20/2010,0.642
4/19/2010,0.643
4/16/2010,0.644
4/15/2010,0.644
4/14/2010,0.644
4/13/2010,0.644
4/12/2010,0.642
4/9/2010,0.641
4/8/2010,0.64
4/7/2010,0.639
4/6/2010,0.638
4/1/2010,0.635
3/31/2010,0.634
3/30/2010,0.635
3/29/2010,0.635
3/26/2010,0.636
3/25/2010,0.635
3/24/2010,0.636
3/23/2010,0.637
3/22/2010,0.639
3/19/2010,0.642
3/18/2010,0.643
3/17/2010,0.644
3/16/2010,0.646
3/15/2010,0.646
3/12/2010,0.649
3/11/2010,0.65
3/10/2010,0.651
3/9/2010,0.652
3/8/2010,0.652
3/5/2010,0.653
3/4/2010,0.654
3/3/2010,0.655
3/2/2010,0.655
3/1/2010,0.655
2/26/2010,0.656
2/25/2010,0.658
2/24/2010,0.659
2/23/2010,0.661
2/22/2010,0.661
2/19/2010,0.661
2/18/2010,0.66
2/17/2010,0.662
2/16/2010,0.663
2/15/2010,0.661
2/12/2010,0.663
2/11/2010,0.662
2/10/2010,0.662
2/9/2010,0.661
2/8/2010,0.661
2/5/2010,0.663
2/4/2010,0.665
2/3/2010,0.665
2/2/2010,0.665
2/1/2010,0.665
1/29/2010,0.665
1/28/2010,0.665
1/27/2010,0.665
1/26/2010,0.667
1/25/2010,0.669
1/22/2010,0.67
1/21/2010,0.672
1/20/2010,0.674
1/19/2010,0.675
1/18/2010,0.677
1/15/2010,0.68
1/14/2010,0.682
1/13/2010,0.684
1/12/2010,0.685
1/11/2010,0.689
1/8/2010,0.691
1/7/2010,0.692
1/6/2010,0.694
1/5/2010,0.699
1/4/2010,0.7
