Date,Price
2025-03-26,5759.5
2025-03-25,5826.5
2025-03-24,5815.5
2025-03-21,5718.25
2025-03-20,5712.75
2025-03-19,5728.75
2025-03-18,5668.25
2025-03-17,5730.5
2025-03-14,5690.25
2025-03-13,5577.75
2025-03-12,5655.0
2025-03-11,5627.25
2025-03-10,5620.75
2025-03-07,5776.0
2025-03-06,5746.25
2025-03-05,5851.25
2025-03-04,5789.5
2025-03-03,5860.75
2025-02-28,5963.25
2025-02-27,5876.25
2025-02-26,5970.75
2025-02-25,5970.0
2025-02-24,6000.75
2025-02-21,6029.0
2025-02-20,6136.5
2025-02-19,6163.0
2025-02-18,6146.75
2025-02-14,6132.0
2025-02-13,6135.25
2025-02-12,6072.75
2025-02-11,6092.25
2025-02-10,6088.75
2025-02-07,6049.5
2025-02-06,6106.0
2025-02-05,6086.5
2025-02-04,6063.0
2025-02-03,6022.25
2025-01-31,6067.25
2025-01-30,6099.25
2025-01-29,6067.5
2025-01-28,6097.0
2025-01-27,6046.75
2025-01-24,6133.25
2025-01-23,6152.0
2025-01-22,6120.5
2025-01-21,6084.25
2025-01-17,6033.5
2025-01-16,5975.5
2025-01-15,5989.0
2025-01-14,5882.25
2025-01-13,5874.5
2025-01-10,5866.25
2025-01-09,5944.75
2025-01-08,5959.25
2025-01-07,5954.25
2025-01-06,6020.5
2025-01-03,5989.5
2025-01-02,5916.5
2024-12-31,5935.75
2024-12-30,5958.75
2024-12-27,6027.0
2024-12-26,6095.25
2024-12-24,6098.0
2024-12-23,6036.0
2024-12-20,6001.75
2024-12-19,5934.0
2024-12-18,5940.25
2024-12-17,6121.75
2024-12-16,6148.5
2024-12-13,6123.5
2024-12-12,6128.75
2024-12-11,6160.75
2024-12-10,6114.25
2024-12-09,6133.75
2024-12-06,6099.0
2024-12-05,6088.75
2024-12-04,6098.5
2024-12-03,6063.25
2024-12-02,6061.75
2024-11-29,6051.5
2024-11-27,6015.0
2024-11-26,6038.25
2024-11-25,6006.5
2024-11-22,5987.0
2024-11-21,5970.5
2024-11-20,5937.75
2024-11-19,5938.75
2024-11-18,5920.0
2024-11-15,5896.5
2024-11-14,5978.25
2024-11-13,6016.0
2024-11-12,6013.0
2024-11-11,6031.75
2024-11-08,6025.25
2024-11-07,6003.75
2024-11-06,5958.25
2024-11-05,5812.25
2024-11-04,5743.25
2024-11-01,5758.25
2024-10-31,5738.5
2024-10-30,5852.0
2024-10-29,5871.0
2024-10-28,5861.5
2024-10-25,5846.0
2024-10-24,5849.0
2024-10-23,5837.75
2024-10-22,5892.5
2024-10-21,5896.25
2024-10-18,5906.0
2024-10-17,5887.0
2024-10-16,5887.0
2024-10-15,5862.75
2024-10-14,5908.25
2024-10-11,5859.75
2024-10-10,5829.0
2024-10-09,5841.25
2024-10-08,5800.5
2024-10-07,5744.75
2024-10-04,5800.0
2024-10-03,5749.5
2024-10-02,5760.25
2024-10-01,5759.75
2024-09-30,5814.25
2024-09-27,5791.25
2024-09-26,5804.5
2024-09-25,5779.0
2024-09-24,5792.0
2024-09-23,5776.75
2024-09-20,5762.0
2024-09-19,5778.0
2024-09-18,5681.0
2024-09-17,5699.25
2024-09-16,5698.25
2024-09-13,5690.0
2024-09-12,5662.5
2024-09-11,5621.5
2024-09-10,5504.0
2024-09-09,5479.5
2024-09-06,5419.5
2024-09-05,5512.25
2024-09-04,5530.0
2024-09-03,5541.75
2024-08-30,5661.0
2024-08-29,5610.0
2024-08-28,5610.25
2024-08-27,5644.75
2024-08-26,5637.0
2024-08-23,5652.5
2024-08-22,5594.0
2024-08-21,5641.5
2024-08-20,5619.75
2024-08-19,5630.0
2024-08-16,5578.25
2024-08-15,5567.5
2024-08-14,5477.0
2024-08-13,5459.0
2024-08-12,5369.75
2024-08-09,5370.25
2024-08-08,5348.25
2024-08-07,5227.5
2024-08-06,5266.25
2024-08-05,5217.5
2024-08-02,5376.0
2024-08-01,5480.25
2024-07-31,5558.0
2024-07-30,5472.5
2024-07-29,5503.0
2024-07-26,5499.0
2024-07-25,5441.25
2024-07-24,5472.0
2024-07-23,5599.25
2024-07-22,5610.75
2024-07-19,5553.75
2024-07-18,5594.5
2024-07-17,5639.0
2024-07-16,5717.25
2024-07-15,5683.0
2024-07-12,5664.75
2024-07-11,5639.75
2024-07-10,5688.0
2024-07-09,5631.25
2024-07-08,5625.25
2024-07-05,5621.5
2024-07-03,5590.25
2024-07-02,5568.75
2024-07-01,5533.75
2024-06-28,5521.5
2024-06-27,5546.0
2024-06-26,5543.5
2024-06-25,5537.0
2024-06-24,5517.0
2024-06-21,5534.25
2024-06-20,5544.5
2024-06-18,5558.75
2024-06-17,5546.25
2024-06-14,5505.25
2024-06-13,5506.25
2024-06-12,5495.25
2024-06-11,5451.75
2024-06-10,5439.0
2024-06-07,5423.5
2024-06-06,5431.75
2024-06-05,5433.75
2024-06-04,5371.75
2024-06-03,5365.0
2024-05-31,5363.25
2024-05-30,5320.75
2024-05-29,5351.75
2024-05-28,5392.5
2024-05-24,5389.25
2024-05-23,5353.0
2024-05-22,5395.75
2024-05-21,5413.0
2024-05-20,5399.5
2024-05-17,5395.0
2024-05-16,5388.0
2024-05-15,5400.75
2024-05-14,5337.25
2024-05-13,5313.25
2024-05-10,5314.0
2024-05-09,5306.75
2024-05-08,5280.5
2024-05-07,5281.5
2024-05-06,5274.25
2024-05-03,5222.5
2024-05-02,5159.25
2024-05-01,5114.25
2024-04-30,5134.75
2024-04-29,5214.75
2024-04-26,5199.25
2024-04-25,5150.0
2024-04-24,5175.25
2024-04-23,5174.25
2024-04-22,5115.25
2024-04-19,5071.5
2024-04-18,5116.75
2024-04-17,5130.0
2024-04-16,5160.25
2024-04-15,5171.75
2024-04-12,5235.25
2024-04-11,5311.0
2024-04-10,5275.5
2024-04-09,5328.0
2024-04-08,5321.0
2024-04-05,5320.75
2024-04-04,5265.0
2024-04-03,5334.25
2024-04-02,5328.25
2024-04-01,5363.0
2024-03-28,5376.25
2024-03-27,5376.0
2024-03-26,5333.0
2024-03-25,5346.0
2024-03-22,5361.0
2024-03-21,5370.25
2024-03-20,5354.5
2024-03-19,5309.5
2024-03-18,5282.5
2024-03-15,5250.5
2024-03-14,5285.75
2024-03-13,5300.0
2024-03-12,5309.25
2024-03-11,5255.0
2024-03-08,5261.0
2024-03-07,5293.75
2024-03-06,5243.75
2024-03-05,5217.75
2024-03-04,5270.25
2024-03-01,5278.0
2024-02-29,5235.75
2024-02-28,5213.0
2024-02-27,5222.0
2024-02-26,5212.25
2024-02-23,5233.5
2024-02-22,5229.75
2024-02-21,5128.25
2024-02-20,5123.5
2024-02-16,5151.75
2024-02-15,5178.5
2024-02-14,5150.0
2024-02-13,5103.25
2024-02-12,5173.25
2024-02-09,5176.0
2024-02-08,5149.75
2024-02-07,5147.25
2024-02-06,5106.75
2024-02-05,5094.0
2024-02-02,5112.25
2024-02-01,5060.5
2024-01-31,5002.5
2024-01-30,5083.0
2024-01-29,5086.5
2024-01-26,5048.25
2024-01-25,5055.25
2024-01-24,5030.0
2024-01-23,5027.0
2024-01-22,5013.0
2024-01-19,5001.5
2024-01-18,4943.25
2024-01-17,4903.25
2024-01-16,4930.5
2024-01-12,4948.5
2024-01-11,4947.5
2024-01-10,4952.25
2024-01-09,4924.75
2024-01-08,4933.25
2024-01-05,4866.75
2024-01-04,4861.5
2024-01-03,4878.5
2024-01-02,4919.25
2023-12-29,4952.0
2023-12-28,4964.25
2023-12-27,4965.5
2023-12-26,4957.0
2023-12-22,4937.25
2023-12-21,4928.75
2023-12-20,4881.75
2023-12-19,4952.25
2023-12-18,4925.0
2023-12-15,4900.0
2023-12-14,4906.0
2023-12-13,4892.75
2023-12-12,4830.25
2023-12-11,4810.5
2023-12-08,4792.0
2023-12-07,4774.0
2023-12-06,4740.5
2023-12-05,4759.5
2023-12-04,4761.0
2023-12-01,4785.25
2023-11-30,4761.25
2023-11-29,4743.75
2023-11-28,4747.5
2023-11-27,4745.5
2023-11-24,4752.75
2023-11-22,4751.75
2023-11-21,4735.75
2023-11-20,4746.75
2023-11-17,4712.0
2023-11-16,4707.75
2023-11-15,4703.75
2023-11-14,4695.5
2023-11-13,4609.75
2023-11-10,4615.0
2023-11-09,4546.75
2023-11-08,4584.0
2023-11-07,4580.5
2023-11-06,4568.75
2023-11-03,4560.5
2023-11-02,4520.25
2023-11-01,4440.5
2023-10-31,4396.75
2023-10-30,4370.25
2023-10-27,4322.25
2023-10-26,4341.0
2023-10-25,4394.25
2023-10-24,4455.75
2023-10-23,4426.25
2023-10-20,4433.0
2023-10-19,4487.5
2023-10-18,4526.75
2023-10-17,4586.25
2023-10-16,4585.5
2023-10-13,4541.75
2023-10-12,4565.0
2023-10-11,4594.25
2023-10-10,4576.0
2023-10-09,4553.25
2023-10-06,4526.0
2023-10-05,4475.25
2023-10-04,4482.25
2023-10-03,4449.25
2023-10-02,4508.75
2023-09-29,4510.0
2023-09-28,4522.0
2023-09-27,4498.0
2023-09-26,4499.25
2023-09-25,4563.25
2023-09-22,4545.5
2023-09-21,4556.5
2023-09-20,4631.5
2023-09-19,4674.5
2023-09-18,4686.0
2023-09-15,4682.5
2023-09-14,4739.5
2023-09-13,4702.25
2023-09-12,4698.5
2023-09-11,4723.75
2023-09-08,4695.25
2023-09-07,4689.75
2023-09-06,4705.0
2023-09-05,4736.0
2023-09-01,4755.0
2023-08-31,4749.5
2023-08-30,4757.75
2023-08-29,4740.25
2023-08-28,4675.75
2023-08-25,4647.75
2023-08-24,4619.5
2023-08-23,4680.5
2023-08-22,4632.75
2023-08-21,4646.0
2023-08-18,4616.25
2023-08-17,4618.0
2023-08-16,4653.5
2023-08-15,4687.5
2023-08-14,4739.5
2023-08-11,4714.25
2023-08-10,4719.25
2023-08-09,4719.25
2023-08-08,4752.0
2023-08-07,4771.25
2023-08-04,4731.5
2023-08-03,4755.25
2023-08-02,4770.75
2023-08-01,4834.75
2023-07-31,4848.0
2023-07-28,4840.0
2023-07-27,4797.75
2023-07-26,4828.75
2023-07-25,4829.5
2023-07-24,4817.0
2023-07-21,4798.25
2023-07-20,4799.0
2023-07-19,4830.5
2023-07-18,4821.25
2023-07-17,4787.25
2023-07-14,4770.25
2023-07-13,4777.0
2023-07-12,4741.0
2023-07-11,4707.0
2023-07-10,4677.75
2023-07-07,4667.5
2023-07-06,4680.5
2023-07-05,4717.25
2023-07-03,4725.75
2023-06-30,4721.75
2023-06-29,4669.25
2023-06-28,4651.0
2023-06-27,4652.25
2023-06-26,4603.75
2023-06-23,4622.5
2023-06-22,4657.25
2023-06-21,4642.75
2023-06-20,4668.25
2023-06-16,4687.25
2023-06-15,4704.75
2023-06-14,4652.5
2023-06-13,4650.0
2023-06-12,4621.0
2023-06-09,4583.0
2023-06-08,4576.5
2023-06-07,4552.5
2023-06-06,4568.0
2023-06-05,4559.25
2023-06-02,4566.25
2023-06-01,4506.25
2023-05-31,4468.75
2023-05-30,4493.25
2023-05-26,4491.5
2023-05-25,4438.0
2023-05-24,4404.25
2023-05-23,4437.0
2023-05-22,4483.25
2023-05-19,4483.0
2023-05-18,4490.25
2023-05-17,4449.75
2023-05-16,4401.25
2023-05-15,4428.25
2023-05-12,4416.25
2023-05-11,4422.0
2023-05-10,4430.25
2023-05-09,4412.25
2023-05-08,4431.0
2023-05-05,4428.5
2023-05-04,4354.0
2023-05-03,4385.75
2023-05-02,4415.0
2023-05-01,4464.0
2023-04-28,4466.75
2023-04-27,4432.0
2023-04-26,4354.25
2023-04-25,4371.5
2023-04-24,4437.75
2023-04-21,4435.0
2023-04-20,4430.75
2023-04-19,4456.75
2023-04-18,4458.25
2023-04-17,4455.0
2023-04-14,4442.0
2023-04-13,4451.0
2023-04-12,4397.25
2023-04-11,4414.75
2023-04-10,4414.5
2023-04-07,4410.25
2023-04-06,4410.25
2023-04-05,4395.5
2023-04-04,4407.25
2023-04-03,4432.0
2023-03-31,4416.0
2023-03-30,4358.25
2023-03-29,4335.75
2023-03-28,4279.75
2023-03-27,4285.5
2023-03-24,4279.5
2023-03-23,4256.25
2023-03-22,4248.75
2023-03-21,4314.0
2023-03-20,4261.25
2023-03-17,4225.25
2023-03-16,4272.75
2023-03-15,4205.0
2023-03-14,4232.75
2023-03-13,4169.0
2023-03-10,4175.0
2023-03-09,4232.25
2023-03-08,4307.25
2023-03-07,4302.0
2023-03-06,4364.75
2023-03-03,4362.0
2023-03-02,4297.0
2023-03-01,4268.75
2023-02-28,4287.75
2023-02-27,4300.25
2023-02-24,4288.0
2023-02-23,4331.0
2023-02-22,4311.25
2023-02-21,4318.0
2023-02-17,4399.75
2023-02-16,4412.0
2023-02-15,4470.5
2023-02-14,4457.75
2023-02-13,4459.5
2023-02-10,4412.0
2023-02-09,4404.0
2023-02-08,4442.75
2023-02-07,4488.0
2023-02-06,4435.75
2023-02-03,4460.0
2023-02-02,4503.75
2023-02-01,4444.5
2023-01-31,4402.25
2023-01-30,4344.75
2023-01-27,4396.5
2023-01-26,4387.75
2023-01-25,4344.25
2023-01-24,4345.0
2023-01-23,4348.75
2023-01-20,4300.75
2023-01-19,4227.75
2023-01-18,4258.0
2023-01-17,4321.75
2023-01-13,4330.5
2023-01-12,4315.75
2023-01-11,4302.25
2023-01-10,4253.0
2023-01-09,4226.0
2023-01-06,4227.75
2023-01-05,4141.25
2023-01-04,4186.75
2023-01-03,4158.25
2022-12-30,4173.25
2022-12-29,4184.0
2022-12-28,4119.75
2022-12-27,4167.25
2022-12-23,4182.0
2022-12-22,4161.5
2022-12-21,4218.0
2022-12-20,4161.5
2022-12-19,4157.75
2022-12-16,4191.25
2022-12-15,4239.5
2022-12-14,4343.0
2022-12-13,4367.25
2022-12-12,4336.75
2022-12-09,4281.25
2022-12-08,4310.75
2022-12-07,4281.75
2022-12-06,4290.0
2022-12-05,4348.25
2022-12-02,4420.5
2022-12-01,4426.75
2022-11-30,4426.25
2022-11-29,4307.0
2022-11-28,4315.25
2022-11-25,4377.5
2022-11-23,4378.0
2022-11-22,4355.25
2022-11-21,4303.0
2022-11-18,4319.0
2022-11-17,4300.25
2022-11-16,4313.5
2022-11-15,4344.5
2022-11-14,4311.0
2022-11-11,4345.25
2022-11-10,4306.0
2022-11-09,4100.5
2022-11-08,4180.25
2022-11-07,4160.25
2022-11-04,4124.5
2022-11-03,4072.75
2022-11-02,4113.75
2022-11-01,4211.0
2022-10-31,4228.0
2022-10-28,4256.25
2022-10-27,4164.5
2022-10-26,4186.0
2022-10-25,4215.25
2022-10-24,4154.25
2022-10-21,4109.0
2022-10-20,4020.25
2022-10-19,4052.25
2022-10-18,4077.75
2022-10-17,4034.25
2022-10-14,3942.5
2022-10-13,4026.75
2022-10-12,3933.5
2022-10-11,3944.25
2022-10-10,3970.25
2022-10-07,3998.25
2022-10-06,4101.75
2022-10-05,4139.0
2022-10-04,4148.25
2022-10-03,4035.25
2022-09-30,3946.5
2022-09-29,3999.25
2022-09-28,4077.0
2022-09-27,4006.0
2022-09-26,4015.0
2022-09-23,4054.0
2022-09-22,4117.0
2022-09-21,4151.25
2022-09-20,4217.75
2022-09-19,4262.25
2022-09-16,4235.0
2022-09-15,4264.25
2022-09-14,4309.75
2022-09-13,4293.5
2022-09-12,4473.0
2022-09-09,4429.5
2022-09-08,4367.75
2022-09-07,4342.25
2022-09-06,4272.75
2022-09-02,4286.75
2022-09-01,4331.0
2022-08-31,4318.75
2022-08-30,4349.75
2022-08-29,4393.5
2022-08-26,4421.75
2022-08-25,4563.25
2022-08-24,4505.0
2022-08-23,4492.75
2022-08-22,4503.5
2022-08-19,4593.75
2022-08-18,4648.75
2022-08-17,4639.0
2022-08-16,4670.0
2022-08-15,4660.5
2022-08-12,4643.25
2022-08-11,4572.0
2022-08-10,4572.25
2022-08-09,4486.75
2022-08-08,4504.0
2022-08-05,4509.0
2022-08-04,4514.5
2022-08-03,4518.5
2022-08-02,4456.0
2022-08-01,4482.75
2022-07-29,4495.75
2022-07-28,4435.75
2022-07-27,4386.75
2022-07-26,4285.5
2022-07-25,4332.25
2022-07-22,4327.25
2022-07-21,4363.5
2022-07-20,4324.75
2022-07-19,4299.75
2022-07-18,4196.0
2022-07-15,4227.25
2022-07-14,4155.5
2022-07-13,4166.75
2022-07-12,4186.0
2022-07-11,4219.0
2022-07-08,4263.5
2022-07-07,4267.25
2022-07-06,4210.5
2022-07-05,4196.25
2022-07-01,4189.5
2022-06-30,4151.75
2022-06-29,4183.5
2022-06-28,4187.75
2022-06-27,4266.0
2022-06-24,4278.5
2022-06-23,4162.0
2022-06-22,4125.0
2022-06-21,4130.0
2022-06-17,4038.0
2022-06-16,4033.5
2022-06-15,4154.5
2022-06-14,4102.0
2022-06-13,4115.75
2022-06-10,4264.25
2022-06-09,4381.5
2022-06-08,4479.25
2022-06-07,4524.0
2022-06-06,4485.75
2022-06-03,4472.25
2022-06-02,4540.5
2022-06-01,4464.25
2022-05-31,4496.5
2022-05-27,4521.0
2022-05-26,4421.0
2022-05-25,4342.0
2022-05-24,4305.75
2022-05-23,4337.0
2022-05-20,4264.75
2022-05-19,4263.0
2022-05-18,4288.0
2022-05-17,4450.0
2022-05-16,4370.0
2022-05-13,4385.0
2022-05-12,4292.5
2022-05-11,4295.5
2022-05-10,4362.0
2022-05-09,4352.75
2022-05-06,4484.75
2022-05-05,4508.5
2022-05-04,4660.5
2022-05-03,4534.5
2022-05-02,4516.25
2022-04-29,4492.75
2022-04-28,4648.75
2022-04-27,4545.5
2022-04-26,4535.75
2022-04-25,4658.0
2022-04-22,4632.5
2022-04-21,4755.75
2022-04-20,4820.75
2022-04-19,4824.5
2022-04-18,4752.0
2022-04-14,4752.75
2022-04-13,4807.5
2022-04-12,4758.25
2022-04-11,4774.25
2022-04-08,4848.75
2022-04-07,4861.5
2022-04-06,4841.0
2022-04-05,4885.5
2022-04-04,4943.0
2022-04-01,4904.5
2022-03-31,4896.0
2022-03-30,4961.25
2022-03-29,4990.75
2022-03-28,4933.25
2022-03-25,4901.75
2022-03-24,4877.75
2022-03-23,4812.75
2022-03-22,4870.25
2022-03-21,4817.5
2022-03-18,4818.75
2022-03-17,4767.25
2022-03-16,4714.75
2022-03-15,4618.75
2022-03-14,4528.75
2022-03-11,4558.25
2022-03-10,4614.0
2022-03-09,4632.0
2022-03-08,4525.5
2022-03-07,4555.25
2022-03-04,4684.0
2022-03-03,4716.0
2022-03-02,4738.5
2022-03-01,4660.5
2022-02-28,4724.75
2022-02-25,4736.75
2022-02-24,4640.75
2022-02-23,4578.75
2022-02-22,4656.75
2022-02-18,4700.25
2022-02-17,4731.25
2022-02-16,4826.75
2022-02-15,4821.25
2022-02-14,4750.75
2022-02-11,4766.25
2022-02-10,4854.25
2022-02-09,4934.5
2022-02-08,4869.25
2022-02-07,4832.5
2022-02-04,4849.25
2022-02-03,4825.75
2022-02-02,4934.0
2022-02-01,4891.75
2022-01-31,4861.0
2022-01-28,4780.0
2022-01-27,4674.5
2022-01-26,4698.25
2022-01-25,4705.75
2022-01-24,4760.5
2022-01-21,4746.75
2022-01-20,4831.5
2022-01-19,4881.0
2022-01-18,4928.0
2022-01-14,5011.5
2022-01-13,5008.75
2022-01-12,5073.0
2022-01-11,5061.75
2022-01-10,5019.0
2022-01-07,5024.5
2022-01-06,5044.25
2022-01-05,5049.25
2022-01-04,5141.0
2022-01-03,5142.75
2021-12-31,5115.25
2021-12-30,5129.0
2021-12-29,5141.25
2021-12-28,5135.25
2021-12-27,5139.0
2021-12-23,5072.5
2021-12-22,5042.75
2021-12-21,4997.5
2021-12-20,4915.25
2021-12-17,4966.75
2021-12-16,5016.0
2021-12-15,5057.25
2021-12-14,4984.75
2021-12-13,5016.5
2021-12-10,5058.75
2021-12-09,5014.75
2021-12-08,5046.75
2021-12-07,5032.75
2021-12-06,4937.75
2021-12-03,4885.25
2021-12-02,4923.5
2021-12-01,4856.25
2021-11-30,4914.0
2021-11-29,4998.75
2021-11-26,4943.5
2021-11-24,5046.75
2021-11-23,5036.25
2021-11-22,5027.5
2021-11-19,5042.25
2021-11-18,5049.25
2021-11-17,5034.0
2021-11-16,5043.75
2021-11-15,5026.75
2021-11-12,5026.0
2021-11-11,4990.75
2021-11-10,4989.75
2021-11-09,5026.0
2021-11-08,5041.75
2021-11-05,5038.0
2021-11-04,5021.0
2021-11-03,5000.0
2021-11-02,4971.25
2021-11-01,4953.5
2021-10-29,4944.75
2021-10-28,4935.25
2021-10-27,4892.25
2021-10-26,4913.0
2021-10-25,4905.75
2021-10-22,4884.25
2021-10-21,4889.5
2021-10-20,4875.75
2021-10-19,4859.0
2021-10-18,4825.25
2021-10-15,4810.25
2021-10-14,4776.75
2021-10-13,4702.75
2021-10-12,4688.5
2021-10-11,4698.75
2021-10-08,4730.0
2021-10-07,4737.75
2021-10-06,4701.75
2021-10-05,4681.75
2021-10-04,4639.0
2021-10-01,4691.5
2021-09-30,4645.5
2021-09-29,4697.5
2021-09-28,4691.25
2021-09-27,4780.75
2021-09-24,4793.5
2021-09-23,4785.75
2021-09-22,4731.75
2021-09-21,4691.0
2021-09-20,4696.0
2021-09-17,4769.5
2021-09-16,4812.0
2021-09-15,4819.75
2021-09-14,4782.5
2021-09-13,4807.0
2021-09-10,4796.25
2021-09-09,4830.25
2021-09-08,4850.5
2021-09-07,4857.25
2021-09-03,4872.5
2021-09-02,4873.25
2021-09-01,4859.25
2021-08-31,4858.5
2021-08-30,4863.25
2021-08-27,4843.5
2021-08-26,4804.5
2021-08-25,4831.0
2021-08-24,4820.5
2021-08-23,4813.5
2021-08-20,4775.0
2021-08-19,4739.5
2021-08-18,4732.5
2021-08-17,4781.5
2021-08-16,4812.0
2021-08-13,4800.5
2021-08-12,4792.5
2021-08-11,4778.5
2021-08-10,4768.0
2021-08-09,4763.75
2021-08-06,4767.5
2021-08-05,4759.5
2021-08-04,4732.75
2021-08-03,4753.0
2021-08-02,4717.75
2021-07-30,4727.5
2021-07-29,4749.75
2021-07-28,4731.75
2021-07-27,4732.5
2021-07-26,4752.25
2021-07-23,4741.0
2021-07-22,4697.5
2021-07-21,4688.5
2021-07-20,4653.5
2021-07-19,4589.25
2021-07-16,4656.5
2021-07-15,4690.0
2021-07-14,4705.75
2021-07-13,4699.25
2021-07-12,4714.5
2021-07-09,4698.0
2021-07-08,4651.0
2021-07-07,4687.75
2021-07-06,4672.0
2021-07-02,4680.75
2021-07-01,4648.75
2021-06-30,4626.5
2021-06-29,4620.0
2021-06-28,4618.5
2021-06-25,4609.25
2021-06-24,4594.0
2021-06-23,4569.5
2021-06-22,4574.25
2021-06-21,4551.75
2021-06-18,4491.5
2021-06-17,4550.25
2021-06-16,4551.0
2021-06-15,4574.5
2021-06-14,4582.75
2021-06-11,4573.75
2021-06-10,4566.0
2021-06-09,4546.5
2021-06-08,4553.75
2021-06-07,4553.5
2021-06-04,4556.25
2021-06-03,4519.25
2021-06-02,4534.25
2021-06-01,4526.5
2021-05-28,4530.5
2021-05-27,4527.0
2021-05-26,4521.0
2021-05-25,4513.5
2021-05-24,4521.75
2021-05-21,4479.75
2021-05-20,4482.25
2021-05-19,4439.5
2021-05-18,4451.0
2021-05-17,4485.75
2021-05-14,4497.0
2021-05-13,4435.0
2021-05-12,4386.75
2021-05-11,4474.25
2021-05-10,4511.5
2021-05-07,4553.25
2021-05-06,4522.25
2021-05-05,4488.0
2021-05-04,4486.25
2021-05-03,4513.75
2021-04-30,4502.5
2021-04-29,4531.5
2021-04-28,4504.25
2021-04-27,4507.0
2021-04-26,4507.5
2021-04-23,4499.5
2021-04-22,4455.75
2021-04-21,4492.75
2021-04-20,4454.5
2021-04-19,4483.5
2021-04-16,4504.25
2021-04-15,4490.5
2021-04-14,4446.0
2021-04-13,4460.75
2021-04-12,4448.25
2021-04-09,4447.5
2021-04-08,4417.0
2021-04-07,4398.0
2021-04-06,4392.0
2021-04-05,4395.75
2021-04-01,4338.0
2021-03-31,4295.5
2021-03-30,4275.75
2021-03-29,4287.0
2021-03-26,4292.75
2021-03-25,4228.5
2021-03-24,4208.75
2021-03-23,4227.75
2021-03-22,4258.0
2021-03-19,4227.75
2021-03-18,4234.0
2021-03-17,4291.5
2021-03-16,4280.0
2021-03-15,4285.0
2021-03-12,4259.75
2021-03-11,4254.25
2021-03-10,4214.0
2021-03-09,4190.75
2021-03-08,4136.75
2021-03-05,4156.5
2021-03-04,4083.0
2021-03-03,4134.25
2021-03-02,4185.0
2021-03-01,4216.25
2021-02-26,4126.75
2021-02-25,4145.5
2021-02-24,4240.0
2021-02-23,4195.5
2021-02-22,4191.0
2021-02-19,4220.5
2021-02-18,4227.0
2021-02-17,4245.5
2021-02-16,4245.25
2021-02-12,4248.5
2021-02-11,4229.5
2021-02-10,4220.5
2021-02-09,4223.0
2021-02-08,4225.5
2021-02-05,4197.75
2021-02-04,4182.0
2021-02-03,4141.0
2021-02-02,4135.75
2021-02-01,4083.25
2021-01-29,4022.75
2021-01-28,4096.75
2021-01-27,4061.75
2021-01-26,4160.0
2021-01-25,4166.0
2021-01-22,4151.75
2021-01-21,4163.5
2021-01-20,4162.5
2021-01-19,4108.0
2021-01-15,4079.75
2021-01-14,4108.75
2021-01-13,4121.25
2021-01-12,4112.0
2021-01-11,4109.5
2021-01-08,4135.0
2021-01-07,4113.0
2021-01-06,4058.0
2021-01-05,4035.75
2021-01-04,4009.75
2020-12-31,4066.25
2020-12-30,4041.75
2020-12-29,4037.5
2020-12-28,4045.0
2020-12-24,4012.5
2020-12-23,3999.0
2020-12-22,3994.75
2020-12-21,4003.25
2020-12-18,4023.75
2020-12-17,4030.25
2020-12-16,4011.25
2020-12-15,4004.5
2020-12-14,3956.5
2020-12-11,3971.25
2020-12-10,3978.5
2020-12-09,3982.5
2020-12-08,4012.0
2020-12-07,4000.75
2020-12-04,4008.0
2020-12-03,3974.5
2020-12-02,3977.25
2020-12-01,3970.5
2020-11-30,3933.25
2020-11-27,3946.5
2020-11-25,3937.25
2020-11-24,3942.75
2020-11-23,3886.0
2020-11-20,3864.25
2020-11-19,3890.0
2020-11-18,3875.0
2020-11-17,3916.75
2020-11-16,3933.0
2020-11-13,3892.0
2020-11-12,3842.5
2020-11-11,3878.0
2020-11-10,3851.0
2020-11-09,3854.0
2020-11-06,3810.75
2020-11-05,3814.75
2020-11-04,3745.0
2020-11-03,3671.5
2020-11-02,3610.5
2020-10-30,3574.75
2020-10-29,3612.25
2020-10-28,3573.5
2020-10-27,3693.0
2020-10-26,3703.5
2020-10-23,3761.75
2020-10-22,3759.25
2020-10-21,3742.5
2020-10-20,3742.25
2020-10-19,3732.75
2020-10-16,3772.25
2020-10-15,3785.5
2020-10-14,3791.0
2020-10-13,3814.75
2020-10-12,3842.75
2020-10-09,3783.25
2020-10-08,3747.5
2020-10-07,3716.75
2020-10-06,3663.25
2020-10-05,3703.0
2020-10-02,3649.25
2020-10-01,3677.75
2020-09-30,3662.0
2020-09-29,3643.75
2020-09-28,3656.0
2020-09-25,3597.25
2020-09-24,3548.0
2020-09-23,3541.25
2020-09-22,3609.25
2020-09-21,3585.0
2020-09-18,3626.25
2020-09-17,3661.0
2020-09-16,3689.5
2020-09-15,3705.25
2020-09-14,3682.5
2020-09-11,3633.75
2020-09-10,3640.5
2020-09-09,3700.25
2020-09-08,3635.5
2020-09-04,3717.5
2020-09-03,3761.5
2020-09-02,3879.25
2020-09-01,3827.0
2020-08-31,3799.0
2020-08-28,3804.5
2020-08-27,3785.25
2020-08-26,3780.25
2020-08-25,3743.0
2020-08-24,3727.5
2020-08-21,3692.5
2020-08-20,3680.75
2020-08-19,3672.75
2020-08-18,3687.0
2020-08-17,3679.75
2020-08-14,3661.5
2020-08-13,3667.75
2020-08-12,3670.0
2020-08-11,3630.0
2020-08-10,3652.75
2020-08-07,3644.75
2020-08-06,3644.25
2020-08-05,3616.0
2020-08-04,3600.0
2020-08-03,3588.5
2020-07-31,3563.5
2020-07-30,3548.75
2020-07-29,3552.5
2020-07-28,3513.0
2020-07-27,3532.25
2020-07-24,3504.0
2020-07-23,3527.5
2020-07-22,3565.5
2020-07-21,3551.25
2020-07-20,3545.25
2020-07-17,3514.0
2020-07-16,3494.5
2020-07-15,3519.5
2020-07-14,3483.5
2020-07-13,3448.25
2020-07-10,3478.5
2020-07-09,3441.0
2020-07-08,3463.5
2020-07-07,3436.5
2020-07-06,3472.0
2020-07-02,3429.0
2020-07-01,3403.0
2020-06-30,3390.25
2020-06-29,3347.75
2020-06-26,3307.0
2020-06-25,3370.75
2020-06-24,3349.0
2020-06-23,3418.5
2020-06-22,3410.75
2020-06-19,3359.5
2020-06-18,3398.0
2020-06-17,3407.0
2020-06-16,3417.75
2020-06-15,3362.0
2020-06-12,3323.75
2020-06-11,3299.25
2020-06-10,3475.0
2020-06-09,3494.5
2020-06-08,3516.5
2020-06-05,3475.75
2020-06-04,3399.5
2020-06-03,3406.75
2020-06-02,3366.0
2020-06-01,3343.0
2020-05-29,3331.0
2020-05-28,3327.0
2020-05-27,3324.5
2020-05-26,3283.5
2020-05-22,3242.0
2020-05-21,3226.0
2020-05-20,3257.5
2020-05-19,3207.75
2020-05-18,3237.0
2020-05-15,3135.5
2020-05-14,3136.0
2020-05-13,3102.0
2020-05-12,3141.5
2020-05-11,3211.75
2020-05-08,3217.5
2020-05-07,3169.0
2020-05-06,3122.5
2020-05-05,3147.25
2020-05-04,3114.25
2020-05-01,3110.75
2020-04-30,3191.5
2020-04-29,3230.0
2020-04-28,3156.25
2020-04-27,3158.0
2020-04-24,3118.5
2020-04-23,3069.75
2020-04-22,3077.5
2020-04-21,3021.0
2020-04-20,3095.5
2020-04-17,3159.0
2020-04-16,3076.5
2020-04-15,3064.0
2020-04-14,3132.0
2020-04-13,3048.25
2020-04-09,3068.75
2020-04-08,3024.0
2020-04-07,2931.0
2020-04-06,2933.5
2020-04-03,2771.75
2020-04-02,2805.5
2020-04-01,2737.0
2020-03-31,2858.75
2020-03-30,2900.25
2020-03-27,2813.0
2020-03-26,2897.0
2020-03-25,2756.0
2020-03-24,2727.0
2020-03-23,2509.5
2020-03-20,2577.5
2020-03-19,2678.0
2020-03-18,2688.75
2020-03-17,2770.25
2020-03-16,2691.0
2020-03-13,2970.75
2020-03-12,2743.75
2020-03-11,3015.0
2020-03-10,3140.5
2020-03-09,3022.5
2020-03-06,3238.75
2020-03-05,3290.25
2020-03-04,3389.5
2020-03-03,3271.75
2020-03-02,3339.75
2020-02-28,3225.75
2020-02-27,3231.75
2020-02-26,3385.0
2020-02-25,3407.25
2020-02-24,3501.0
2020-02-21,3614.0
2020-02-20,3644.0
2020-02-19,3662.0
2020-02-18,3644.0
2020-02-14,3655.75
2020-02-13,3652.25
2020-02-12,3655.25
2020-02-11,3632.25
2020-02-10,3627.75
2020-02-07,3600.25
2020-02-06,3620.0
2020-02-05,3609.75
2020-02-04,3574.25
2020-02-03,3520.25
2020-01-31,3498.75
2020-01-30,3564.5
2020-01-29,3547.25
2020-01-28,3553.0
2020-01-27,3514.25
2020-01-24,3568.25
2020-01-23,3600.75
2020-01-22,3594.5
2020-01-21,3594.25
2020-01-17,3599.75
2020-01-16,3591.25
2020-01-15,3568.5
2020-01-14,3562.75
2020-01-13,3564.5
2020-01-10,3539.5
2020-01-09,3550.75
2020-01-08,3535.0
2020-01-07,3510.0
2020-01-06,3518.25
2020-01-03,3510.25
2020-01-02,3533.75
2019-12-31,3505.75
2019-12-30,3498.25
2019-12-27,3512.25
2019-12-26,3519.25
2019-12-24,3500.5
2019-12-23,3502.0
2019-12-20,3500.5
2019-12-19,3486.5
2019-12-18,3474.0
2019-12-17,3470.25
2019-12-16,3472.5
2019-12-13,3450.25
2019-12-12,3446.25
2019-12-11,3421.25
2019-12-10,3414.25
2019-12-09,3412.75
2019-12-06,3424.25
2019-12-05,3396.0
2019-12-04,3389.25
2019-12-03,3369.25
2019-12-02,3392.5
2019-11-29,3422.0
2019-11-27,3432.0
2019-11-26,3422.0
2019-11-25,3411.0
2019-11-22,3389.75
2019-11-21,3382.25
2019-11-20,3387.25
2019-11-19,3396.75
2019-11-18,3400.0
2019-11-15,3396.5
2019-11-14,3375.25
2019-11-13,3373.75
2019-11-12,3370.25
2019-11-11,3365.75
2019-11-08,3368.75
2019-11-07,3364.25
2019-11-06,3353.75
2019-11-05,3350.25
2019-11-04,3354.0
2019-11-01,3341.5
2019-10-31,3314.0
2019-10-30,3326.0
2019-10-29,3314.0
2019-10-28,3314.5
2019-10-25,3298.5
2019-10-24,3282.5
2019-10-23,3284.0
2019-10-22,3272.75
2019-10-21,3284.75
2019-10-18,3266.5
2019-10-17,3276.25
2019-10-16,3269.75
2019-10-15,3276.0
2019-10-14,3243.75
2019-10-11,3249.0
2019-10-10,3219.25
2019-10-09,3197.25
2019-10-08,3170.75
2019-10-07,3215.75
2019-10-04,3229.25
2019-10-03,3190.0
2019-10-02,3158.75
2019-10-01,3216.0
2019-09-30,3256.75
2019-09-27,3242.0
2019-09-26,3258.75
2019-09-25,3264.5
2019-09-24,3248.5
2019-09-23,3275.25
2019-09-20,3267.75
2019-09-19,3286.25
2019-09-18,3286.75
2019-09-17,3286.0
2019-09-16,3279.5
2019-09-13,3287.0
2019-09-12,3292.25
2019-09-11,3282.5
2019-09-10,3259.0
2019-09-09,3258.75
2019-09-06,3261.25
2019-09-05,3252.5
2019-09-04,3219.0
2019-09-03,3186.5
2019-08-30,3205.25
2019-08-29,3207.25
2019-08-28,3170.25
2019-08-27,3146.0
2019-08-26,3163.75
2019-08-23,3136.0
2019-08-22,3202.75
2019-08-21,3209.75
2019-08-20,3178.75
2019-08-19,3204.25
2019-08-16,3172.0
2019-08-15,3129.0
2019-08-14,3121.25
2019-08-13,3212.5
2019-08-12,3160.75
2019-08-09,3200.25
2019-08-08,3220.5
2019-08-07,3161.0
2019-08-06,3156.5
2019-08-05,3110.5
2019-08-02,3213.0
2019-08-01,3232.5
2019-07-31,3262.75
2019-07-30,3292.75
2019-07-29,3302.25
2019-07-26,3305.0
2019-07-25,3287.0
2019-07-24,3302.0
2019-07-23,3288.5
2019-07-22,3269.5
2019-07-19,3257.5
2019-07-18,3278.0
2019-07-17,3265.5
2019-07-16,3287.5
2019-07-15,3297.75
2019-07-12,3296.0
2019-07-11,3284.5
2019-07-10,3278.0
2019-07-09,3262.5
2019-07-08,3259.0
2019-07-05,3271.0
2019-07-03,3280.75
2019-07-02,3260.0
2019-07-01,3248.25
2019-06-28,3224.75
2019-06-27,3211.5
2019-06-26,3198.5
2019-06-25,3202.5
2019-06-24,3232.5
2019-06-21,3231.0
2019-06-20,3240.5
2019-06-19,3214.0
2019-06-18,3206.75
2019-06-17,3177.0
2019-06-14,3175.5
2019-06-13,3179.5
2019-06-12,3166.0
2019-06-11,3172.0
2019-06-10,3174.25
2019-06-07,3160.0
2019-06-06,3130.75
2019-06-05,3112.75
2019-06-04,3090.0
2019-06-03,3034.5
2019-05-31,3037.5
2019-05-30,3075.5
2019-05-29,3065.0
2019-05-28,3090.0
2019-05-24,3116.75
2019-05-23,3104.5
2019-05-22,3142.5
2019-05-21,3151.0
2019-05-20,3129.0
2019-05-17,3147.0
2019-05-16,3163.5
2019-05-15,3140.0
2019-05-14,3124.25
2019-05-13,3092.0
2019-05-10,3172.0
2019-05-09,3157.75
2019-05-08,3172.25
2019-05-07,3175.75
2019-05-06,3217.5
2019-05-03,3232.5
2019-05-02,3202.5
2019-05-01,3208.0
2019-04-30,3233.5
2019-04-29,3228.0
2019-04-26,3226.5
2019-04-25,3211.25
2019-04-24,3215.75
2019-04-23,3223.0
2019-04-22,3197.5
2019-04-18,3195.0
2019-04-17,3185.5
2019-04-16,3196.5
2019-04-15,3194.5
2019-04-12,3197.5
2019-04-11,3176.75
2019-04-10,3179.5
2019-04-09,3167.5
2019-04-08,3183.25
2019-04-05,3181.0
2019-04-04,3167.75
2019-04-03,3164.75
2019-04-02,3152.0
2019-04-01,3155.5
2019-03-29,3122.75
2019-03-28,3106.0
2019-03-27,3095.5
2019-03-26,3108.0
2019-03-25,3092.0
2019-03-22,3095.75
2019-03-21,3147.5
2019-03-20,3112.0
2019-03-19,3121.5
2019-03-18,3125.5
2019-03-15,3114.75
2019-03-14,3097.25
2019-03-13,3104.5
2019-03-12,3082.0
2019-03-11,3074.0
2019-03-08,3037.0
2019-03-07,3040.0
2019-03-06,3061.5
2019-03-05,3081.5
2019-03-04,3081.5
2019-03-01,3095.0
2019-02-28,3074.75
2019-02-27,3085.0
2019-02-26,3081.5
2019-02-25,3087.0
2019-02-22,3081.25
2019-02-21,3064.25
2019-02-20,3077.0
2019-02-19,3068.75
2019-02-15,3067.0
2019-02-14,3033.5
2019-02-13,3039.5
2019-02-12,3034.75
2019-02-11,2998.25
2019-02-08,2996.25
2019-02-07,2994.0
2019-02-06,3019.5
2019-02-05,3021.0
2019-02-04,3011.25
2019-02-01,2994.25
2019-01-31,2994.5
2019-01-30,2972.5
2019-01-29,2930.25
2019-01-28,2932.0
2019-01-25,2953.5
2019-01-24,2924.0
2019-01-23,2928.25
2019-01-22,2922.0
2019-01-18,2961.5
2019-01-17,2925.25
2019-01-16,2903.25
2019-01-15,2895.5
2019-01-14,2870.5
2019-01-11,2885.0
2019-01-10,2884.0
2019-01-09,2872.5
2019-01-08,2862.5
2019-01-07,2840.5
2019-01-04,2821.25
2019-01-03,2737.75
2019-01-02,2801.0
2018-12-31,2795.25
2018-12-28,2776.0
2018-12-27,2785.0
2018-12-26,2761.0
2018-12-24,2631.75
2018-12-21,2703.5
2018-12-20,2776.25
2018-12-19,2794.5
2018-12-18,2828.0
2018-12-17,2844.75
2018-12-14,2894.25
2018-12-13,2937.75
2018-12-12,2944.75
2018-12-11,2933.5
2018-12-10,2935.25
2018-12-07,2928.25
2018-12-06,2983.25
2018-12-05,2994.0
2018-12-04,2994.0
2018-12-03,3083.0
2018-11-30,3050.5
2018-11-29,3036.5
2018-11-28,3033.75
2018-11-27,2975.75
2018-11-26,2962.25
2018-11-23,2921.75
2018-11-21,2941.25
2018-11-20,2932.25
2018-11-19,2988.5
2018-11-16,3035.25
2018-11-15,3026.75
2018-11-14,2990.75
2018-11-13,3019.75
2018-11-12,3020.0
2018-11-09,3071.25
2018-11-08,3101.0
2018-11-07,3108.75
2018-11-06,3051.25
2018-11-05,3031.75
2018-11-02,3016.5
2018-11-01,3030.25
2018-10-31,3003.25
2018-10-30,2977.5
2018-10-29,2935.75
2018-10-26,2961.75
2018-10-25,2980.5
2018-10-24,2956.5
2018-10-23,3038.5
2018-10-22,3048.75
2018-10-19,3059.75
2018-10-18,3064.5
2018-10-17,3108.5
2018-10-16,3110.0
2018-10-15,3041.25
2018-10-12,3060.75
2018-10-11,3037.75
2018-10-10,3073.25
2018-10-09,3180.5
2018-10-08,3186.0
2018-10-05,3186.25
2018-10-04,3200.0
2018-10-03,3223.75
2018-10-02,3220.75
2018-10-01,3222.25
2018-09-28,3211.25
2018-09-27,3212.25
2018-09-26,3203.75
2018-09-25,3213.5
2018-09-24,3217.75
2018-09-21,3226.0
2018-09-20,3231.75
2018-09-19,3207.25
2018-09-18,3203.75
2018-09-17,3188.25
2018-09-14,3203.5
2018-09-13,3202.5
2018-09-12,3185.75
2018-09-11,3187.0
2018-09-10,3177.5
2018-09-07,3172.0
2018-09-06,3176.25
2018-09-05,3185.5
2018-09-04,3195.5
2018-08-31,3199.25
2018-08-30,3199.25
2018-08-29,3212.0
2018-08-28,3196.5
2018-08-27,3195.75
2018-08-24,3174.0
2018-08-23,3155.25
2018-08-22,3158.5
2018-08-21,3159.0
2018-08-20,3155.75
2018-08-17,3149.5
2018-08-16,3142.0
2018-08-15,3118.5
2018-08-14,3138.25
2018-08-13,3122.75
2018-08-10,3134.0
2018-08-09,3151.0
2018-08-08,3152.5
2018-08-07,3157.0
2018-08-06,3147.25
2018-08-03,3136.75
2018-08-02,3125.75
2018-08-01,3108.0
2018-07-31,3114.25
2018-07-30,3100.5
2018-07-27,3114.75
2018-07-26,3139.75
2018-07-25,3138.5
2018-07-24,3118.25
2018-07-23,3109.25
2018-07-20,3098.0
2018-07-19,3102.5
2018-07-18,3113.25
2018-07-17,3108.5
2018-07-16,3093.75
2018-07-13,3100.5
2018-07-12,3095.75
2018-07-11,3071.25
2018-07-10,3094.0
2018-07-09,3084.75
2018-07-06,3060.25
2018-07-05,3035.75
2018-07-03,3010.5
2018-07-02,3024.5
2018-06-29,3018.75
2018-06-28,3016.75
2018-06-27,3002.25
2018-06-26,3025.75
2018-06-25,3019.5
2018-06-22,3056.75
2018-06-21,3049.75
2018-06-20,3069.25
2018-06-19,3063.5
2018-06-18,3077.0
2018-06-15,3081.75
2018-06-14,3085.75
2018-06-13,3076.25
2018-06-12,3086.0
2018-06-11,3085.0
2018-06-08,3080.75
2018-06-07,3074.25
2018-06-06,3074.25
2018-06-05,3053.5
2018-06-04,3047.5
2018-06-01,3035.75
2018-05-31,3007.5
2018-05-30,3026.5
2018-05-29,2994.25
2018-05-25,3020.25
2018-05-24,3029.5
2018-05-23,3032.75
2018-05-22,3028.0
2018-05-21,3035.0
2018-05-18,3015.0
2018-05-17,3020.75
2018-05-16,3025.0
2018-05-15,3011.0
2018-05-14,3033.0
2018-05-11,3031.5
2018-05-10,3020.75
2018-05-09,2998.0
2018-05-08,2972.25
2018-05-07,2972.0
2018-05-04,2965.0
2018-05-03,2933.75
2018-05-02,2929.5
2018-05-01,2954.25
2018-04-30,2949.0
2018-04-27,2973.5
2018-04-26,2976.5
2018-04-25,2946.5
2018-04-24,2937.25
2018-04-23,2973.25
2018-04-20,2973.5
2018-04-19,2995.0
2018-04-18,3011.75
2018-04-17,3008.5
2018-04-16,2983.75
2018-04-13,2959.25
2018-04-12,2966.0
2018-04-11,2943.0
2018-04-10,2957.0
2018-04-09,2921.0
2018-04-06,2907.75
2018-04-05,2963.75
2018-04-04,2949.0
2018-04-03,2915.25
2018-04-02,2877.0
2018-03-29,2945.0
2018-03-28,2909.5
2018-03-27,2917.75
2018-03-26,2961.5
2018-03-23,2899.75
2018-03-22,2945.25
2018-03-21,3020.25
2018-03-20,3025.5
2018-03-19,3024.75
2018-03-16,3058.0
2018-03-15,3057.5
2018-03-14,3056.0
2018-03-13,3074.75
2018-03-12,3090.25
2018-03-09,3090.25
2018-03-08,3045.5
2018-03-07,3029.5
2018-03-06,3030.25
2018-03-05,3024.75
2018-03-02,2996.5
2018-03-01,2984.5
2018-02-28,3020.75
2018-02-27,3053.75
2018-02-26,3090.75
2018-02-23,3055.0
2018-02-22,3017.75
2018-02-21,3005.0
2018-02-20,3020.25
2018-02-16,3041.25
2018-02-15,3040.25
2018-02-14,3003.25
2018-02-13,2968.0
2018-02-12,2961.5
2018-02-09,2925.25
2018-02-08,2899.75
2018-02-07,2974.5
2018-02-06,3000.5
2018-02-05,2914.0
2018-02-02,3063.0
2018-02-01,3128.75
2018-01-31,3132.0
2018-01-30,3130.75
2018-01-29,3159.75
2018-01-26,3180.75
2018-01-25,3147.5
2018-01-24,3147.25
2018-01-23,3145.75
2018-01-22,3141.5
2018-01-19,3117.25
2018-01-18,3102.5
2018-01-17,3110.0
2018-01-16,3088.75
2018-01-12,3095.0
2018-01-11,3075.75
2018-01-10,3056.75
2018-01-09,3058.5
2018-01-08,3053.0
2018-01-05,3048.75
2018-01-04,3030.0
2018-01-03,3017.25
2018-01-02,2999.25
2017-12-29,2982.25
2017-12-28,2992.0
2017-12-27,2991.75
2017-12-26,2993.25
2017-12-22,2992.25
2017-12-21,2994.0
2017-12-20,2987.75
2017-12-19,2990.25
2017-12-18,3000.75
2017-12-15,2988.25
2017-12-14,2962.25
2017-12-13,2975.25
2017-12-12,2974.0
2017-12-11,2970.75
2017-12-08,2960.25
2017-12-07,2948.75
2017-12-06,2938.5
2017-12-05,2937.5
2017-12-04,2947.5
2017-12-01,2953.25
2017-11-30,2957.25
2017-11-29,2934.25
2017-11-28,2935.25
2017-11-27,2911.0
2017-11-24,2910.25
2017-11-22,2903.75
2017-11-21,2905.5
2017-11-20,2891.25
2017-11-17,2885.5
2017-11-16,2894.25
2017-11-15,2874.25
2017-11-14,2887.25
2017-11-13,2891.25
2017-11-10,2888.75
2017-11-09,2893.25
2017-11-08,2900.25
2017-11-07,2896.0
2017-11-06,2898.0
2017-11-03,2892.0
2017-11-02,2886.0
2017-11-01,2884.0
2017-10-31,2882.0
2017-10-30,2877.5
2017-10-27,2887.75
2017-10-26,2870.75
2017-10-25,2867.75
2017-10-24,2876.5
2017-10-23,2872.75
2017-10-20,2883.25
2017-10-19,2869.75
2017-10-18,2869.25
2017-10-17,2866.25
2017-10-16,2865.5
2017-10-13,2862.0
2017-10-12,2858.75
2017-10-11,2862.25
2017-10-10,2857.75
2017-10-09,2853.0
2017-10-06,2854.25
2017-10-05,2859.25
2017-10-04,2845.5
2017-10-03,2842.0
2017-10-02,2835.5
2017-09-29,2825.25
2017-09-28,2817.0
2017-09-27,2813.75
2017-09-26,2804.75
2017-09-25,2806.25
2017-09-22,2808.75
2017-09-21,2810.25
2017-09-20,2814.5
2017-09-19,2814.0
2017-09-18,2812.0
2017-09-15,2806.5
2017-09-14,2803.5
2017-09-13,2804.0
2017-09-12,2803.5
2017-09-11,2795.0
2017-09-08,2770.0
2017-09-07,2774.0
2017-09-06,2773.0
2017-09-05,2767.25
2017-09-01,2781.75
2017-08-31,2777.5
2017-08-30,2763.25
2017-08-29,2754.5
2017-08-28,2751.25
2017-08-25,2750.0
2017-08-24,2748.25
2017-08-23,2749.0
2017-08-22,2760.25
2017-08-21,2735.5
2017-08-18,2734.25
2017-08-17,2737.0
2017-08-16,2775.0
2017-08-15,2771.25
2017-08-14,2771.0
2017-08-11,2747.5
2017-08-10,2745.0
2017-08-09,2780.5
2017-08-08,2780.25
2017-08-07,2785.0
2017-08-04,2779.5
2017-08-03,2779.25
2017-08-02,2781.0
2017-08-01,2779.75
2017-07-31,2775.5
2017-07-28,2777.75
2017-07-27,2779.5
2017-07-26,2780.75
2017-07-25,2781.5
2017-07-24,2776.0
2017-07-21,2777.0
2017-07-20,2778.75
2017-07-19,2779.0
2017-07-18,2765.25
2017-07-17,2766.0
2017-07-14,2763.5
2017-07-13,2753.0
2017-07-12,2747.5
2017-07-11,2732.0
2017-07-10,2732.0
2017-07-07,2730.0
2017-07-06,2716.0
2017-07-05,2735.5
2017-07-03,2732.5
2017-06-30,2728.5
2017-06-29,2727.5
2017-06-28,2746.0
2017-06-27,2728.0
2017-06-26,2743.5
2017-06-23,2742.5
2017-06-22,2739.25
2017-06-21,2741.0
2017-06-20,2745.0
2017-06-19,2755.0
2017-06-16,2738.5
2017-06-15,2739.5
2017-06-14,2742.75
2017-06-13,2745.5
2017-06-12,2734.0
2017-06-09,2736.0
2017-06-08,2738.0
2017-06-07,2737.5
2017-06-06,2736.25
2017-06-05,2740.0
2017-06-02,2743.25
2017-06-01,2735.0
2017-05-31,2716.5
2017-05-30,2716.25
2017-05-26,2719.25
2017-05-25,2719.0
2017-05-24,2707.5
2017-05-23,2703.5
2017-05-22,2698.25
2017-05-19,2687.0
2017-05-18,2669.0
2017-05-17,2663.0
2017-05-16,2702.5
2017-05-15,2704.0
2017-05-12,2694.25
2017-05-11,2696.5
2017-05-10,2700.75
2017-05-09,2698.75
2017-05-08,2700.5
2017-05-05,2703.25
2017-05-04,2691.0
2017-05-03,2688.75
2017-05-02,2691.25
2017-05-01,2692.5
2017-04-28,2686.0
2017-04-27,2691.5
2017-04-26,2687.75
2017-04-25,2690.5
2017-04-24,2675.5
2017-04-21,2653.0
2017-04-20,2657.5
2017-04-19,2639.25
2017-04-18,2642.75
2017-04-17,2650.5
2017-04-13,2633.0
2017-04-12,2646.25
2017-04-11,2656.5
2017-04-10,2658.0
2017-04-07,2657.75
2017-04-06,2659.25
2017-04-05,2652.0
2017-04-04,2662.0
2017-04-03,2661.5
2017-03-31,2664.75
2017-03-30,2670.0
2017-03-29,2662.5
2017-03-28,2657.0
2017-03-27,2644.0
2017-03-24,2650.25
2017-03-23,2645.5
2017-03-22,2648.0
2017-03-21,2647.75
2017-03-20,2675.75
2017-03-17,2680.75
2017-03-16,2684.5
2017-03-15,2686.0
2017-03-14,2668.5
2017-03-13,2677.25
2017-03-10,2674.0
2017-03-09,2668.5
2017-03-08,2666.25
2017-03-07,2668.75
2017-03-06,2677.75
2017-03-03,2683.5
2017-03-02,2684.25
2017-03-01,2695.75
2017-02-28,2665.0
2017-02-27,2670.5
2017-02-24,2667.25
2017-02-23,2665.0
2017-02-22,2663.25
2017-02-21,2662.25
2017-02-17,2650.25
2017-02-16,2647.75
2017-02-15,2652.75
2017-02-14,2639.25
2017-02-13,2628.5
2017-02-10,2615.0
2017-02-09,2606.5
2017-02-08,2592.5
2017-02-07,2590.75
2017-02-06,2588.75
2017-02-03,2593.25
2017-02-02,2577.75
2017-02-01,2576.75
2017-01-31,2576.75
2017-01-30,2578.25
2017-01-27,2591.25
2017-01-26,2596.25
2017-01-25,2596.25
2017-01-24,2576.75
2017-01-23,2564.25
2017-01-20,2568.25
2017-01-19,2563.75
2017-01-18,2568.75
2017-01-17,2565.0
2017-01-13,2574.75
2017-01-12,2565.75
2017-01-11,2572.75
2017-01-10,2566.0
2017-01-09,2567.25
2017-01-06,2573.75
2017-01-05,2566.5
2017-01-04,2566.5
2017-01-03,2554.75
2016-12-30,2538.5
2016-12-29,2547.25
2016-12-28,2547.5
2016-12-27,2563.25
2016-12-23,2562.25
2016-12-22,2561.0
2016-12-21,2562.75
2016-12-20,2568.75
2016-12-19,2562.25
2016-12-16,2557.5
2016-12-15,2560.75
2016-12-14,2554.25
2016-12-13,2570.0
2016-12-12,2552.75
2016-12-09,2556.75
2016-12-08,2544.5
2016-12-07,2533.5
2016-12-06,2506.75
2016-12-05,2501.0
2016-12-02,2488.75
2016-12-01,2488.75
2016-11-30,2495.5
2016-11-29,2500.5
2016-11-28,2497.5
2016-11-25,2508.0
2016-11-23,2497.5
2016-11-22,2497.0
2016-11-21,2489.75
2016-11-18,2477.5
2016-11-17,2481.0
2016-11-16,2469.5
2016-11-15,2476.0
2016-11-14,2457.25
2016-11-11,2458.25
2016-11-10,2464.0
2016-11-09,2457.0
2016-11-08,2432.25
2016-11-07,2425.75
2016-11-04,2376.75
2016-11-03,2380.25
2016-11-02,2389.0
2016-11-01,2400.5
2016-10-31,2416.75
2016-10-28,2420.5
2016-10-27,2420.25
2016-10-26,2430.75
2016-10-25,2434.75
2016-10-24,2441.0
2016-10-21,2431.5
2016-10-20,2433.75
2016-10-19,2434.75
2016-10-18,2428.75
2016-10-17,2419.75
2016-10-14,2423.75
2016-10-13,2423.0
2016-10-12,2428.25
2016-10-11,2431.25
2016-10-10,2455.75
2016-10-07,2443.25
2016-10-06,2453.25
2016-10-05,2450.0
2016-10-04,2441.5
2016-10-03,2450.0
2016-09-30,2457.25
2016-09-29,2445.25
2016-09-28,2460.0
2016-09-27,2449.5
2016-09-26,2436.5
2016-09-23,2454.75
2016-09-22,2465.0
2016-09-21,2453.0
2016-09-20,2427.75
2016-09-19,2429.75
2016-09-16,2429.25
2016-09-15,2434.75
2016-09-14,2410.0
2016-09-13,2419.0
2016-09-12,2448.75
2016-09-09,2413.0
2016-09-08,2467.75
2016-09-07,2474.75
2016-09-06,2474.75
2016-09-02,2468.25
2016-09-01,2457.5
2016-08-31,2459.75
2016-08-30,2465.5
2016-08-29,2469.5
2016-08-26,2458.75
2016-08-25,2463.75
2016-08-24,2465.25
2016-08-23,2475.5
2016-08-22,2471.75
2016-08-19,2472.0
2016-08-18,2473.75
2016-08-17,2470.0
2016-08-16,2467.0
2016-08-15,2476.25
2016-08-12,2470.5
2016-08-11,2472.0
2016-08-10,2463.0
2016-08-09,2467.75
2016-08-08,2465.75
2016-08-05,2467.0
2016-08-04,2449.5
2016-08-03,2447.25
2016-08-02,2443.0
2016-08-01,2454.75
2016-07-29,2458.5
2016-07-28,2455.0
2016-07-27,2450.75
2016-07-26,2453.5
2016-07-25,2452.5
2016-07-22,2457.75
2016-07-21,2448.25
2016-07-20,2457.75
2016-07-19,2449.0
2016-07-18,2450.25
2016-07-15,2443.0
2016-07-14,2447.5
2016-07-13,2436.25
2016-07-12,2436.0
2016-07-11,2420.5
2016-07-08,2410.75
2016-07-07,2382.25
2016-07-06,2384.25
2016-07-05,2373.0
2016-07-01,2386.5
2016-06-30,2380.5
2016-06-29,2357.0
2016-06-28,2318.75
2016-06-27,2275.25
2016-06-24,2308.75
2016-06-23,2396.0
2016-06-22,2367.0
2016-06-21,2370.75
2016-06-20,2364.5
2016-06-17,2349.25
2016-06-16,2360.75
2016-06-15,2353.75
2016-06-14,2356.25
2016-06-13,2360.5
2016-06-10,2378.0
2016-06-09,2396.0
2016-06-08,2399.75
2016-06-07,2392.0
2016-06-06,2390.0
2016-06-03,2379.5
2016-06-02,2385.5
2016-06-01,2379.75
2016-05-31,2376.75
2016-05-27,2379.0
2016-05-26,2371.5
2016-05-25,2369.0
2016-05-24,2356.75
2016-05-23,2327.0
2016-05-20,2331.75
2016-05-19,2320.5
2016-05-18,2323.25
2016-05-17,2325.25
2016-05-16,2344.5
2016-05-13,2325.25
2016-05-12,2340.5
2016-05-11,2339.75
2016-05-10,2359.25
2016-05-09,2336.0
2016-05-06,2334.5
2016-05-05,2325.75
2016-05-04,2328.75
2016-05-03,2338.75
2016-05-02,2356.0
2016-04-29,2340.75
2016-04-28,2354.25
2016-04-27,2372.5
2016-04-26,2370.25
2016-04-25,2365.0
2016-04-22,2367.75
2016-04-21,2364.5
2016-04-20,2379.75
2016-04-19,2375.5
2016-04-18,2368.5
2016-04-15,2356.75
2016-04-14,2358.25
2016-04-13,2357.75
2016-04-12,2337.5
2016-04-11,2316.25
2016-04-08,2322.5
2016-04-07,2316.75
2016-04-06,2342.0
2016-04-05,2320.5
2016-04-04,2339.25
2016-04-01,2346.75
2016-03-31,2333.25
2016-03-30,2337.0
2016-03-29,2329.25
2016-03-28,2309.75
2016-03-24,2310.25
2016-03-23,2310.5
2016-03-22,2324.25
2016-03-21,2324.5
2016-03-18,2319.25
2016-03-17,2312.0
2016-03-16,2299.0
2016-03-15,2288.25
2016-03-14,2291.25
2016-03-11,2292.5
2016-03-10,2261.25
2016-03-09,2261.5
2016-03-08,2253.5
2016-03-07,2271.5
2016-03-04,2267.5
2016-03-03,2263.0
2016-03-02,2256.0
2016-03-01,2250.5
2016-02-29,2202.0
2016-02-26,2215.25
2016-02-25,2223.0
2016-02-24,2202.75
2016-02-23,2188.5
2016-02-22,2208.75
2016-02-19,2187.0
2016-02-18,2189.0
2016-02-17,2195.25
2016-02-16,2161.25
2016-02-12,2130.75
2016-02-11,2097.0
2016-02-10,2119.25
2016-02-09,2120.75
2016-02-08,2124.5
2016-02-05,2147.75
2016-02-04,2180.25
2016-02-03,2181.0
2016-02-02,2170.0
2016-02-01,2203.75
2016-01-29,2202.5
2016-01-28,2153.25
2016-01-27,2147.5
2016-01-26,2168.5
2016-01-25,2142.75
2016-01-22,2171.75
2016-01-21,2133.5
2016-01-20,2127.5
2016-01-19,2145.5
2016-01-15,2147.5
2016-01-14,2187.0
2016-01-13,2154.0
2016-01-12,2197.5
2016-01-11,2186.75
2016-01-08,2184.0
2016-01-07,2205.5
2016-01-06,2258.5
2016-01-05,2284.25
2016-01-04,2281.5
2015-12-31,2308.0
2015-12-30,2327.0
2015-12-29,2345.25
2015-12-28,2321.25
2015-12-24,2323.75
2015-12-23,2325.5
2015-12-22,2308.5
2015-12-21,2287.5
2015-12-18,2264.5
2015-12-17,2297.25
2015-12-16,2336.25
2015-12-15,2309.5
2015-12-14,2282.5
2015-12-11,2273.75
2015-12-10,2313.25
2015-12-09,2306.0
2015-12-08,2322.75
2015-12-07,2345.0
2015-12-04,2352.5
2015-12-03,2315.25
2015-12-02,2345.5
2015-12-01,2364.0
2015-11-30,2343.75
2015-11-27,2354.0
2015-11-25,2352.0
2015-11-24,2348.75
2015-11-23,2348.25
2015-11-20,2352.75
2015-11-19,2343.25
2015-11-18,2343.75
2015-11-17,2313.0
2015-11-16,2312.0
2015-11-13,2282.5
2015-11-12,2304.5
2015-11-11,2333.0
2015-11-10,2342.0
2015-11-09,2337.0
2015-11-06,2357.75
2015-11-05,2358.0
2015-11-04,2358.75
2015-11-03,2367.0
2015-11-02,2359.5
2015-10-30,2337.75
2015-10-29,2347.0
2015-10-28,2348.5
2015-10-27,2324.5
2015-10-26,2326.25
2015-10-23,2330.0
2015-10-22,2317.0
2015-10-21,2272.5
2015-10-20,2284.5
2015-10-19,2291.5
2015-10-16,2289.5
2015-10-15,2283.0
2015-10-14,2248.0
2015-10-13,2258.0
2015-10-12,2275.0
2015-10-09,2271.5
2015-10-08,2270.5
2015-10-07,2251.25
2015-10-06,2232.5
2015-10-05,2238.75
2015-10-02,2207.0
2015-10-01,2180.75
2015-09-30,2172.75
2015-09-29,2138.5
2015-09-28,2136.0
2015-09-25,2183.25
2015-09-24,2182.75
2015-09-23,2192.5
2015-09-22,2196.0
2015-09-21,2227.0
2015-09-18,2214.5
2015-09-17,2241.25
2015-09-16,2252.0
2015-09-15,2234.0
2015-09-14,2208.25
2015-09-11,2214.5
2015-09-10,2203.75
2015-09-09,2197.0
2015-09-08,2220.0
2015-09-04,2176.0
2015-09-03,2200.25
2015-09-02,2201.25
2015-09-01,2170.25
2015-08-31,2223.5
2015-08-28,2244.0
2015-08-27,2243.5
2015-08-26,2192.25
2015-08-25,2127.0
2015-08-24,2125.5
2015-08-21,2225.75
2015-08-20,2279.75
2015-08-19,2327.0
2015-08-18,2348.25
2015-08-17,2353.5
2015-08-14,2343.75
2015-08-13,2334.75
2015-08-12,2338.5
2015-08-11,2334.0
2015-08-10,2354.0
2015-08-07,2327.75
2015-08-06,2333.75
2015-08-05,2348.0
2015-08-04,2337.25
2015-08-03,2345.25
2015-07-31,2352.75
2015-07-30,2358.0
2015-07-29,2355.75
2015-07-28,2341.5
2015-07-27,2318.75
2015-07-24,2331.75
2015-07-23,2352.75
2015-07-22,2362.25
2015-07-21,2368.75
2015-07-20,2376.25
2015-07-17,2373.0
2015-07-16,2371.25
2015-07-15,2358.5
2015-07-14,2356.25
2015-07-13,2348.75
2015-07-10,2323.25
2015-07-09,2295.5
2015-07-08,2293.5
2015-07-07,2328.0
2015-07-06,2318.75
2015-07-02,2323.0
2015-07-01,2325.25
2015-06-30,2308.75
2015-06-29,2304.75
2015-06-26,2350.0
2015-06-25,2348.25
2015-06-24,2353.75
2015-06-23,2370.75
2015-06-22,2367.0
2015-06-19,2352.0
2015-06-18,2369.0
2015-06-17,2343.5
2015-06-16,2343.25
2015-06-15,2329.75
2015-06-12,2338.75
2015-06-11,2355.0
2015-06-10,2352.75
2015-06-09,2325.75
2015-06-08,2324.0
2015-06-05,2338.0
2015-06-04,2344.75
2015-06-03,2361.75
2015-06-02,2352.5
2015-06-01,2355.0
2015-05-29,2351.75
2015-05-28,2367.5
2015-05-27,2366.75
2015-05-26,2350.75
2015-05-22,2370.25
2015-05-21,2373.75
2015-05-20,2368.25
2015-05-19,2370.25
2015-05-18,2371.75
2015-05-15,2364.75
2015-05-14,2363.25
2015-05-13,2340.25
2015-05-12,2340.75
2015-05-11,2343.5
2015-05-08,2354.25
2015-05-07,2330.0
2015-05-06,2320.0
2015-05-05,2329.75
2015-05-04,2355.0
2015-05-01,2347.25
2015-04-30,2324.75
2015-04-29,2344.75
2015-04-28,2357.75
2015-04-27,2350.5
2015-04-24,2357.5
2015-04-23,2352.75
2015-04-22,2346.0
2015-04-21,2336.75
2015-04-20,2336.75
2015-04-17,2321.25
2015-04-16,2346.5
2015-04-15,2345.5
2015-04-14,2336.75
2015-04-13,2332.25
2015-04-10,2341.25
2015-04-09,2331.5
2015-04-08,2321.75
2015-04-07,2313.5
2015-04-06,2319.0
2015-04-03,2305.25
2015-04-02,2305.25
2015-04-01,2298.75
2015-03-31,2306.5
2015-03-30,2321.25
2015-03-27,2298.25
2015-03-26,2294.25
2015-03-25,2299.5
2015-03-24,2330.75
2015-03-23,2340.5
2015-03-20,2345.0
2015-03-19,2327.25
2015-03-18,2338.25
2015-03-17,2312.0
2015-03-16,2314.0
2015-03-13,2287.25
2015-03-12,2301.5
2015-03-11,2277.0
2015-03-10,2279.5
2015-03-09,2315.25
2015-03-06,2308.25
2015-03-05,2337.25
2015-03-04,2334.0
2015-03-03,2342.25
2015-03-02,2351.5
2015-02-27,2340.25
2015-02-26,2347.5
2015-02-25,2347.75
2015-02-24,2351.25
2015-02-23,2344.25
2015-02-20,2344.5
2015-02-19,2332.75
2015-02-18,2333.0
2015-02-17,2333.5
2015-02-13,2331.0
2015-02-12,2321.5
2015-02-11,2303.25
2015-02-10,2299.75
2015-02-09,2280.0
2015-02-06,2290.5
2015-02-05,2292.5
2015-02-04,2267.5
2015-02-03,2279.5
2015-02-02,2254.5
2015-01-30,2226.0
2015-01-29,2256.0
2015-01-28,2229.0
2015-01-27,2267.5
2015-01-26,2291.0
2015-01-23,2281.5
2015-01-22,2294.0
2015-01-21,2264.0
2015-01-20,2254.25
2015-01-16,2250.5
2015-01-15,2226.5
2015-01-14,2245.0
2015-01-13,2253.5
2015-01-12,2260.0
2015-01-09,2272.75
2015-01-08,2292.5
2015-01-07,2257.0
2015-01-06,2232.0
2015-01-05,2253.5
2015-01-02,2283.75
2014-12-31,2290.0
2014-12-30,2314.25
2014-12-29,2323.25
2014-12-26,2321.75
2014-12-24,2316.25
2014-12-23,2316.5
2014-12-22,2310.0
2014-12-19,2304.5
2014-12-18,2297.5
2014-12-17,2245.75
2014-12-16,2202.5
2014-12-15,2221.0
2014-12-12,2228.25
2014-12-11,2262.0
2014-12-10,2257.5
2014-12-09,2288.5
2014-12-08,2290.5
2014-12-05,2307.0
2014-12-04,2303.0
2014-12-03,2303.5
2014-12-02,2297.0
2014-12-01,2281.75
2014-11-28,2297.25
2014-11-26,2303.25
2014-11-25,2298.5
2014-11-24,2298.5
2014-11-21,2292.75
2014-11-20,2283.0
2014-11-19,2278.25
2014-11-18,2279.5
2014-11-17,2270.75
2014-11-14,2269.0
2014-11-13,2265.0
2014-11-12,2267.0
2014-11-11,2267.5
2014-11-10,2265.0
2014-11-07,2257.0
2014-11-06,2259.0
2014-11-05,2249.75
2014-11-04,2236.5
2014-11-03,2242.0
2014-10-31,2242.5
2014-10-30,2219.5
2014-10-29,2203.25
2014-10-28,2211.0
2014-10-27,2188.0
2014-10-24,2190.75
2014-10-23,2177.0
2014-10-22,2156.0
2014-10-21,2169.0
2014-10-20,2131.0
2014-10-17,2112.0
2014-10-16,2081.5
2014-10-15,2077.75
2014-10-14,2105.75
2014-10-13,2096.5
2014-10-10,2125.25
2014-10-09,2156.0
2014-10-08,2192.75
2014-10-07,2159.0
2014-10-06,2187.0
2014-10-03,2191.25
2014-10-02,2169.5
2014-10-01,2171.75
2014-09-30,2196.5
2014-09-29,2200.5
2014-09-26,2207.0
2014-09-25,2192.5
2014-09-24,2222.0
2014-09-23,2203.25
2014-09-22,2217.25
2014-09-19,2234.75
2014-09-18,2235.5
2014-09-17,2224.75
2014-09-16,2222.5
2014-09-15,2207.25
2014-09-12,2207.75
2014-09-11,2220.0
2014-09-10,2218.0
2014-09-09,2212.75
2014-09-08,2223.5
2014-09-05,2229.0
2014-09-04,2220.75
2014-09-03,2221.75
2014-09-02,2222.75
2014-08-29,2224.5
2014-08-28,2219.75
2014-08-27,2220.0
2014-08-26,2221.5
2014-08-25,2218.0
2014-08-22,2210.75
2014-08-21,2212.5
2014-08-20,2206.25
2014-08-19,2200.25
2014-08-18,2190.5
2014-08-15,2175.5
2014-08-14,2176.5
2014-08-13,2167.75
2014-08-12,2153.5
2014-08-11,2155.5
2014-08-08,2146.75
2014-08-07,2128.25
2014-08-06,2137.75
2014-08-05,2136.0
2014-08-04,2155.0
2014-08-01,2141.5
2014-07-31,2147.75
2014-07-30,2188.0
2014-07-29,2186.0
2014-07-28,2196.0
2014-07-25,2194.5
2014-07-24,2203.75
2014-07-23,2203.75
2014-07-22,2198.0
2014-07-21,2189.25
2014-07-18,2194.5
2014-07-17,2176.5
2014-07-16,2197.75
2014-07-15,2191.0
2014-07-14,2194.0
2014-07-11,2185.5
2014-07-10,2180.75
2014-07-09,2190.25
2014-07-08,2183.5
2014-07-07,2194.0
2014-07-03,2200.5
2014-07-02,2190.75
2014-07-01,2188.75
2014-06-30,2175.5
2014-06-27,2175.0
2014-06-26,2171.75
2014-06-25,2172.5
2014-06-24,2166.25
2014-06-23,2176.0
2014-06-20,2176.25
2014-06-19,2173.25
2014-06-18,2172.0
2014-06-17,2156.75
2014-06-16,2151.75
2014-06-13,2151.0
2014-06-12,2145.75
2014-06-11,2159.25
2014-06-10,2165.75
2014-06-09,2165.5
2014-06-06,2164.5
2014-06-05,2153.75
2014-06-04,2141.0
2014-06-03,2137.25
2014-06-02,2137.0
2014-05-30,2136.75
2014-05-29,2133.25
2014-05-28,2124.25
2014-05-27,2124.5
2014-05-23,2112.25
2014-05-22,2105.5
2014-05-21,2100.25
2014-05-20,2083.25
2014-05-19,2097.5
2014-05-16,2090.0
2014-05-15,2082.5
2014-05-14,2100.5
2014-05-13,2109.5
2014-05-12,2108.0
2014-05-09,2088.75
2014-05-08,2087.5
2014-05-07,2089.5
2014-05-06,2079.5
2014-05-05,2091.0
2014-05-02,2089.75
2014-05-01,2093.0
2014-04-30,2093.25
2014-04-29,2087.0
2014-04-28,2081.25
2014-04-25,2075.25
2014-04-24,2088.25
2014-04-23,2088.25
2014-04-22,2089.25
2014-04-21,2079.75
2014-04-17,2073.25
2014-04-16,2068.0
2014-04-15,2054.75
2014-04-14,2039.75
2014-04-11,2027.0
2014-04-10,2042.25
2014-04-09,2080.0
2014-04-08,2060.25
2014-04-07,2053.25
2014-04-04,2075.25
2014-04-03,2098.25
2014-04-02,2098.25
2014-04-01,2093.0
2014-03-31,2079.75
2014-03-28,2065.75
2014-03-27,2055.75
2014-03-26,2057.75
2014-03-25,2074.5
2014-03-24,2064.75
2014-03-21,2072.25
2014-03-20,2081.25
2014-03-19,2067.5
2014-03-18,2079.0
2014-03-17,2066.0
2014-03-14,2048.25
2014-03-13,2055.0
2014-03-12,2076.0
2014-03-11,2073.5
2014-03-10,2085.5
2014-03-07,2086.25
2014-03-06,2084.5
2014-03-05,2080.75
2014-03-04,2079.75
2014-03-03,2051.25
2014-02-28,2065.75
2014-02-27,2062.25
2014-02-26,2050.25
2014-02-25,2054.5
2014-02-24,2054.25
2014-02-21,2042.5
2014-02-20,2044.5
2014-02-19,2033.75
2014-02-18,2045.75
2014-02-14,2043.25
2014-02-13,2032.5
2014-02-12,2025.25
2014-02-11,2021.75
2014-02-10,2003.0
2014-02-07,2001.75
2014-02-06,1974.75
2014-02-05,1952.25
2014-02-04,1952.0
2014-02-03,1941.0
2014-01-31,1984.75
2014-01-30,1989.5
2014-01-29,1979.5
2014-01-28,1996.5
2014-01-27,1984.0
2014-01-24,1990.25
2014-01-23,2032.5
2014-01-22,2046.75
2014-01-21,2046.75
2014-01-17,2042.5
2014-01-16,2044.5
2014-01-15,2049.75
2014-01-14,2041.25
2014-01-13,2023.25
2014-01-10,2046.0
2014-01-09,2041.25
2014-01-08,2040.75
2014-01-07,2039.0
2014-01-06,2029.0
2014-01-03,2033.75
2014-01-02,2034.75
2013-12-31,2049.25
2013-12-30,2043.0
2013-12-27,2044.75
2013-12-26,2044.75
2013-12-24,2037.25
2013-12-23,2031.0
2013-12-20,2022.75
2013-12-19,2010.25
2013-12-18,2013.0
2013-12-17,1981.25
2013-12-16,1988.5
2013-12-13,1976.75
2013-12-12,1977.0
2013-12-11,1982.75
2013-12-10,2005.0
2013-12-09,2011.0
2013-12-06,2007.0
2013-12-05,1986.0
2013-12-04,1993.75
2013-12-03,1993.5
2013-12-02,2001.75
2013-11-29,2006.0
2013-11-27,2006.25
2013-11-26,2004.0
2013-11-25,2004.5
2013-11-22,2003.25
2013-11-21,1995.75
2013-11-20,1981.75
2013-11-19,1987.25
2013-11-18,1990.75
2013-11-15,1995.5
2013-11-14,1989.75
2013-11-13,1980.75
2013-11-12,1967.0
2013-11-11,1969.5
2013-11-08,1968.0
2013-11-07,1947.25
2013-11-06,1967.5
2013-11-05,1958.5
2013-11-04,1965.0
2013-11-01,1956.75
2013-10-31,1953.0
2013-10-30,1962.5
2013-10-29,1969.5
2013-10-28,1961.0
2013-10-25,1956.0
2013-10-24,1950.5
2013-10-23,1943.75
2013-10-22,1951.5
2013-10-21,1940.25
2013-10-18,1938.5
2013-10-17,1929.75
2013-10-16,1915.25
2013-10-15,1894.0
2013-10-14,1906.25
2013-10-11,1901.0
2013-10-10,1887.0
2013-10-09,1850.75
2013-10-08,1852.5
2013-10-07,1869.75
2013-10-04,1886.75
2013-10-03,1871.75
2013-10-02,1885.0
2013-10-01,1891.5
2013-09-30,1876.25
2013-09-27,1888.5
2013-09-26,1894.5
2013-09-25,1887.75
2013-09-24,1894.5
2013-09-23,1894.75
2013-09-20,1904.5
2013-09-19,1919.5
2013-09-18,1919.75
2013-09-17,1900.25
2013-09-16,1893.25
2013-09-13,1883.75
2013-09-12,1880.25
2013-09-11,1884.0
2013-09-10,1877.75
2013-09-09,1864.25
2013-09-06,1848.75
2013-09-05,1848.25
2013-09-04,1848.75
2013-09-03,1834.25
2013-08-30,1826.5
2013-08-29,1832.0
2013-08-28,1827.5
2013-08-27,1823.5
2013-08-26,1849.5
2013-08-23,1856.75
2013-08-22,1850.0
2013-08-21,1831.75
2013-08-20,1845.75
2013-08-19,1840.25
2013-08-16,1846.25
2013-08-15,1851.0
2013-08-14,1877.25
2013-08-13,1886.0
2013-08-12,1882.25
2013-08-09,1881.5
2013-08-08,1889.0
2013-08-07,1883.5
2013-08-06,1889.25
2013-08-05,1897.75
2013-08-02,1899.25
2013-08-01,1895.5
2013-07-31,1875.75
2013-07-30,1880.0
2013-07-29,1877.75
2013-07-26,1881.75
2013-07-25,1879.25
2013-07-24,1879.0
2013-07-23,1883.5
2013-07-22,1885.5
2013-07-19,1884.75
2013-07-18,1875.75
2013-07-17,1870.75
2013-07-16,1866.5
2013-07-15,1872.75
2013-07-12,1865.5
2013-07-11,1865.25
2013-07-10,1843.75
2013-07-09,1840.75
2013-07-08,1830.75
2013-07-05,1822.5
2013-07-03,1804.25
2013-07-02,1802.5
2013-07-01,1802.0
2013-06-28,1794.5
2013-06-27,1801.75
2013-06-26,1790.75
2013-06-25,1776.75
2013-06-24,1761.5
2013-06-21,1779.25
2013-06-20,1779.25
2013-06-19,1819.0
2013-06-18,1840.5
2013-06-17,1829.25
2013-06-14,1813.75
2013-06-13,1826.25
2013-06-12,1799.5
2013-06-11,1816.5
2013-06-10,1831.5
2013-06-07,1828.0
2013-06-06,1812.25
2013-06-05,1797.5
2013-06-04,1820.75
2013-06-03,1825.75
2013-05-31,1818.5
2013-05-30,1843.0
2013-05-29,1836.5
2013-05-28,1844.0
2013-05-24,1840.0
2013-05-23,1839.5
2013-05-22,1845.0
2013-05-21,1855.0
2013-05-20,1854.0
2013-05-17,1852.5
2013-05-16,1837.5
2013-05-15,1843.75
2013-05-14,1837.5
2013-05-13,1820.25
2013-05-10,1819.0
2013-05-09,1814.0
2013-05-08,1818.25
2013-05-07,1810.0
2013-05-06,1803.0
2013-05-03,1798.0
2013-05-02,1781.75
2013-05-01,1766.75
2013-04-30,1781.75
2013-04-29,1777.75
2013-04-26,1766.0
2013-04-25,1771.25
2013-04-24,1763.5
2013-04-23,1763.0
2013-04-22,1745.5
2013-04-19,1737.0
2013-04-18,1723.5
2013-04-17,1735.5
2013-04-16,1758.25
2013-04-15,1733.0
2013-04-12,1771.5
2013-04-11,1777.25
2013-04-10,1772.25
2013-04-09,1752.75
2013-04-08,1748.75
2013-04-05,1735.5
2013-04-04,1744.0
2013-04-03,1738.0
2013-04-02,1754.0
2013-04-01,1745.5
2013-03-28,1752.25
2013-03-27,1746.25
2013-03-26,1746.75
2013-03-25,1736.5
2013-03-22,1741.5
2013-03-21,1728.5
2013-03-20,1738.5
2013-03-19,1731.75
2013-03-18,1736.25
2013-03-15,1743.0
2013-03-14,1745.5
2013-03-13,1739.5
2013-03-12,1736.25
2013-03-11,1739.75
2013-03-08,1733.25
2013-03-07,1726.5
2013-03-06,1722.75
2013-03-05,1720.75
2013-03-04,1709.5
2013-03-01,1700.25
2013-02-28,1697.0
2013-02-27,1699.5
2013-02-26,1676.25
2013-02-25,1671.0
2013-02-22,1698.25
2013-02-21,1684.75
2013-02-20,1690.75
2013-02-19,1711.75
2013-02-15,1700.75
2013-02-14,1702.25
2013-02-13,1701.0
2013-02-12,1700.0
2013-02-11,1696.75
2013-02-08,1696.25
2013-02-07,1689.0
2013-02-06,1690.5
2013-02-05,1689.75
2013-02-04,1677.25
2013-02-01,1690.5
2013-01-31,1677.0
2013-01-30,1679.0
2013-01-29,1688.75
2013-01-28,1680.75
2013-01-25,1679.5
2013-01-24,1675.5
2013-01-23,1674.0
2013-01-22,1673.25
2013-01-18,1662.75
2013-01-17,1659.5
2013-01-16,1649.25
2013-01-15,1649.0
2013-01-14,1648.0
2013-01-11,1651.0
2013-01-10,1650.75
2013-01-09,1639.5
2013-01-08,1636.0
2013-01-07,1639.5
2013-01-04,1641.5
2013-01-03,1637.25
2013-01-02,1640.75
2012-12-31,1603.75
2012-12-28,1567.75
2012-12-27,1594.5
2012-12-26,1597.25
2012-12-24,1603.5
2012-12-21,1609.75
2012-12-20,1624.25
2012-12-19,1616.75
2012-12-18,1624.75
2012-12-17,1610.75
2012-12-14,1593.0
2012-12-13,1595.75
2012-12-12,1604.75
2012-12-11,1609.0
2012-12-10,1597.75
2012-12-07,1593.5
2012-12-06,1590.5
2012-12-05,1585.75
2012-12-04,1582.75
2012-12-03,1584.5
2012-11-30,1591.5
2012-11-29,1592.75
2012-11-28,1584.25
2012-11-27,1574.5
2012-11-26,1580.5
2012-11-23,1582.5
2012-11-21,1565.5
2012-11-20,1563.25
2012-11-19,1559.75
2012-11-16,1536.75
2012-11-15,1528.25
2012-11-14,1529.75
2012-11-13,1547.75
2012-11-12,1555.25
2012-11-09,1552.75
2012-11-08,1552.25
2012-11-07,1566.0
2012-11-06,1602.25
2012-11-05,1589.0
2012-11-02,1582.5
2012-11-01,1600.25
2012-10-31,1583.75
2012-10-30,1584.5
2012-10-29,1584.5
2012-10-26,1584.5
2012-10-25,1585.25
2012-10-24,1582.25
2012-10-23,1583.75
2012-10-22,1539.25
2012-10-19,1533.25
2012-10-18,1560.75
2012-10-17,1566.25
2012-10-16,1558.5
2012-10-15,1544.75
2012-10-12,1530.75
2012-10-11,1537.75
2012-10-10,1535.5
2012-10-09,1545.25
2012-10-08,1559.0
2012-10-05,1564.75
2012-10-04,1565.0
2012-10-03,1554.0
2012-10-02,1550.25
2012-10-01,1546.25
2012-09-28,1543.5
2012-09-27,1550.25
2012-09-26,1536.25
2012-09-25,1546.5
2012-09-24,1560.75
2012-09-21,1561.25
2012-09-20,1563.0
2012-09-19,1562.5
2012-09-18,1562.25
2012-09-17,1563.75
2012-09-14,1568.75
2012-09-13,1560.25
2012-09-12,1542.5
2012-09-11,1533.5
2012-09-10,1529.5
2012-09-07,1541.25
2012-09-06,1534.0
2012-09-05,1506.5
2012-09-04,1509.0
2012-08-31,1508.0
2012-08-30,1500.0
2012-08-29,1510.25
2012-08-28,1510.75
2012-08-27,1511.25
2012-08-24,1512.75
2012-08-23,1503.0
2012-08-22,1515.25
2012-08-21,1515.5
2012-08-20,1517.75
2012-08-17,1518.25
2012-08-16,1516.0
2012-08-15,1506.5
2012-08-14,1504.5
2012-08-13,1505.5
2012-08-10,1505.5
2012-08-09,1503.5
2012-08-08,1501.25
2012-08-07,1500.0
2012-08-06,1493.0
2012-08-03,1492.0
2012-08-02,1465.0
2012-08-01,1473.5
2012-07-31,1477.5
2012-07-30,1483.5
2012-07-27,1485.5
2012-07-26,1457.75
2012-07-25,1438.0
2012-07-24,1432.5
2012-07-23,1446.75
2012-07-20,1461.25
2012-07-19,1475.0
2012-07-18,1470.25
2012-07-17,1461.5
2012-07-16,1450.5
2012-07-13,1454.75
2012-07-12,1432.25
2012-07-11,1439.25
2012-07-10,1438.5
2012-07-09,1452.25
2012-07-06,1454.75
2012-07-05,1464.5
2012-07-03,1471.0
2012-07-02,1460.5
2012-06-29,1459.5
2012-06-28,1425.5
2012-06-27,1428.5
2012-06-26,1418.5
2012-06-25,1409.5
2012-06-22,1429.75
2012-06-21,1421.25
2012-06-20,1453.75
2012-06-19,1453.5
2012-06-18,1444.0
2012-06-15,1440.5
2012-06-14,1429.25
2012-06-13,1411.75
2012-06-12,1423.0
2012-06-11,1403.25
2012-06-08,1425.0
2012-06-07,1413.0
2012-06-06,1411.75
2012-06-05,1381.25
2012-06-04,1369.25
2012-06-01,1370.25
2012-05-31,1405.5
2012-05-30,1404.75
2012-05-29,1429.75
2012-05-25,1411.25
2012-05-24,1418.75
2012-05-23,1412.0
2012-05-22,1411.0
2012-05-21,1412.0
2012-05-18,1387.0
2012-05-17,1397.5
2012-05-16,1418.75
2012-05-15,1424.5
2012-05-14,1430.25
2012-05-11,1446.25
2012-05-10,1453.75
2012-05-09,1447.25
2012-05-08,1454.75
2012-05-07,1462.0
2012-05-04,1458.75
2012-05-03,1482.25
2012-05-02,1493.75
2012-05-01,1496.75
2012-04-30,1489.75
2012-04-27,1494.75
2012-04-26,1493.0
2012-04-25,1483.5
2012-04-24,1466.25
2012-04-23,1459.0
2012-04-20,1471.5
2012-04-19,1468.75
2012-04-18,1474.5
2012-04-17,1479.75
2012-04-16,1460.25
2012-04-13,1461.25
2012-04-12,1482.25
2012-04-11,1460.25
2012-04-10,1453.25
2012-04-09,1471.25
2012-04-06,1486.5
2012-04-05,1486.5
2012-04-04,1489.5
2012-04-03,1505.0
2012-04-02,1508.75
2012-03-30,1499.5
2012-03-29,1494.5
2012-03-28,1496.5
2012-03-27,1502.75
2012-03-26,1511.25
2012-03-23,1490.25
2012-03-22,1485.25
2012-03-21,1493.75
2012-03-20,1496.25
2012-03-19,1500.25
2012-03-16,1494.75
2012-03-15,1492.25
2012-03-14,1485.0
2012-03-13,1487.0
2012-03-12,1463.25
2012-03-09,1463.25
2012-03-08,1457.25
2012-03-07,1443.5
2012-03-06,1432.75
2012-03-05,1455.25
2012-03-02,1459.5
2012-03-01,1465.25
2012-02-29,1455.25
2012-02-28,1462.25
2012-02-27,1458.0
2012-02-24,1454.0
2012-02-23,1453.75
2012-02-22,1446.75
2012-02-21,1450.75
2012-02-17,1450.5
2012-02-16,1445.5
2012-02-15,1433.0
2012-02-14,1438.5
2012-02-13,1439.75
2012-02-10,1431.25
2012-02-09,1439.0
2012-02-08,1437.75
2012-02-07,1435.5
2012-02-06,1429.75
2012-02-03,1429.75
2012-02-02,1413.5
2012-02-01,1410.5
2012-01-31,1399.0
2012-01-30,1399.75
2012-01-27,1403.25
2012-01-26,1406.0
2012-01-25,1411.0
2012-01-24,1402.25
2012-01-23,1401.75
2012-01-20,1401.5
2012-01-19,1401.25
2012-01-18,1393.0
2012-01-17,1380.0
2012-01-13,1379.75
2012-01-12,1382.5
2012-01-11,1379.0
2012-01-10,1376.75
2012-01-09,1366.25
2012-01-06,1365.0
2012-01-05,1363.75
2012-01-04,1363.75
2012-01-03,1362.75
2011-12-30,1343.25
2011-12-29,1348.25
2011-12-28,1335.25
2011-12-27,1351.0
2011-12-23,1351.0
2011-12-22,1339.75
2011-12-21,1327.0
2011-12-20,1326.75
2011-12-19,1289.75
2011-12-16,1301.75
2011-12-15,1302.5
2011-12-14,1297.0
2011-12-13,1311.0
2011-12-12,1320.0
2011-12-09,1343.5
2011-12-08,1320.75
2011-12-07,1348.75
2011-12-06,1339.75
2011-12-05,1339.75
2011-12-02,1328.25
2011-12-01,1328.25
2011-11-30,1330.75
2011-11-29,1281.25
2011-11-28,1275.75
2011-11-25,1238.25
2011-11-23,1244.75
2011-11-22,1267.5
2011-11-21,1275.5
2011-11-18,1298.75
2011-11-17,1299.5
2011-11-16,1315.75
2011-11-15,1338.75
2011-11-14,1337.25
2011-11-11,1346.25
2011-11-10,1322.25
2011-11-09,1310.25
2011-11-08,1358.0
2011-11-07,1342.25
2011-11-04,1335.75
2011-11-03,1340.5
2011-11-02,1319.0
2011-11-01,1309.25
2011-10-31,1334.0
2011-10-28,1365.75
2011-10-27,1367.25
2011-10-26,1322.25
2011-10-25,1309.25
2011-10-24,1331.75
2011-10-21,1320.0
2011-10-20,1294.75
2011-10-19,1291.25
2011-10-18,1307.75
2011-10-17,1278.75
2011-10-14,1304.0
2011-10-13,1282.75
2011-10-12,1283.0
2011-10-11,1274.25
2011-10-10,1275.75
2011-10-07,1239.75
2011-10-06,1242.25
2011-10-05,1219.75
2011-10-04,1198.25
2011-10-03,1171.0
2011-09-30,1210.75
2011-09-29,1241.0
2011-09-28,1233.5
2011-09-27,1254.25
2011-09-26,1243.25
2011-09-23,1214.5
2011-09-22,1208.25
2011-09-21,1240.5
2011-09-20,1280.75
2011-09-19,1282.5
2011-09-16,1296.5
2011-09-15,1289.0
2011-09-14,1267.0
2011-09-13,1250.0
2011-09-12,1241.75
2011-09-09,1236.5
2011-09-08,1264.25
2011-09-07,1277.5
2011-09-06,1243.0
2011-09-02,1247.75
2011-09-01,1279.75
2011-08-31,1296.25
2011-08-30,1283.25
2011-08-29,1286.5
2011-08-26,1254.5
2011-08-25,1236.0
2011-08-24,1250.5
2011-08-23,1237.0
2011-08-22,1201.75
2011-08-19,1202.5
2011-08-18,1222.0
2011-08-17,1268.5
2011-08-16,1270.75
2011-08-15,1277.0
2011-08-12,1255.25
2011-08-11,1247.0
2011-08-10,1202.0
2011-08-09,1250.25
2011-08-08,1189.75
2011-08-05,1276.25
2011-08-04,1277.25
2011-08-03,1333.0
2011-08-02,1325.75
2011-08-01,1358.25
2011-07-29,1367.0
2011-07-28,1375.25
2011-07-27,1377.5
2011-07-26,1404.75
2011-07-25,1412.0
2011-07-22,1419.5
2011-07-21,1421.0
2011-07-20,1399.75
2011-07-19,1399.75
2011-07-18,1379.0
2011-07-15,1393.5
2011-07-14,1385.25
2011-07-13,1390.75
2011-07-12,1389.25
2011-07-11,1397.0
2011-07-08,1420.25
2011-07-07,1430.25
2011-07-06,1414.25
2011-07-05,1415.25
2011-07-01,1413.25
2011-06-30,1394.0
2011-06-29,1382.75
2011-06-28,1373.0
2011-06-27,1354.75
2011-06-24,1342.5
2011-06-23,1355.5
2011-06-22,1358.25
2011-06-21,1366.5
2011-06-20,1352.25
2011-06-17,1344.5
2011-06-16,1342.0
2011-06-15,1338.5
2011-06-14,1363.0
2011-06-13,1344.5
2011-06-10,1342.25
2011-06-09,1360.5
2011-06-08,1350.0
2011-06-07,1357.75
2011-06-06,1358.0
2011-06-03,1369.25
2011-06-02,1385.5
2011-06-01,1385.0
2011-05-31,1417.0
2011-05-27,1403.0
2011-05-26,1399.5
2011-05-25,1389.5
2011-05-24,1386.5
2011-05-23,1388.25
2011-05-20,1400.75
2011-05-19,1414.75
2011-05-18,1411.5
2011-05-17,1398.5
2011-05-16,1398.5
2011-05-13,1407.0
2011-05-12,1420.5
2011-05-11,1411.75
2011-05-10,1426.75
2011-05-09,1415.75
2011-05-06,1407.5
2011-05-05,1408.0
2011-05-04,1416.0
2011-05-03,1425.0
2011-05-02,1430.75
2011-04-29,1432.75
2011-04-28,1428.0
2011-04-27,1424.0
2011-04-26,1414.0
2011-04-25,1403.75
2011-04-21,1404.0
2011-04-20,1401.25
2011-04-19,1381.5
2011-04-18,1374.0
2011-04-15,1391.75
2011-04-14,1383.25
2011-04-13,1381.75
2011-04-12,1381.25
2011-04-11,1392.5
2011-04-08,1396.75
2011-04-07,1401.5
2011-04-06,1402.0
2011-04-05,1399.75
2011-04-04,1402.25
2011-04-01,1400.75
2011-03-31,1394.0
2011-03-30,1397.0
2011-03-29,1389.5
2011-03-28,1375.25
2011-03-25,1383.0
2011-03-24,1378.25
2011-03-23,1365.0
2011-03-22,1361.25
2011-03-21,1366.0
2011-03-18,1347.25
2011-03-17,1341.75
2011-03-16,1327.0
2011-03-15,1348.25
2011-03-14,1363.75
2011-03-11,1374.25
2011-03-10,1362.5
2011-03-09,1383.75
2011-03-08,1388.25
2011-03-07,1377.25
2011-03-04,1388.5
2011-03-03,1398.0
2011-03-02,1374.0
2011-03-01,1369.25
2011-02-28,1394.25
2011-02-25,1387.0
2011-02-24,1371.0
2011-02-23,1373.75
2011-02-22,1382.75
2011-02-18,1410.75
2011-02-17,1406.0
2011-02-16,1401.25
2011-02-15,1394.5
2011-02-14,1396.0
2011-02-11,1395.5
2011-02-10,1387.0
2011-02-09,1387.5
2011-02-08,1390.0
2011-02-07,1384.0
2011-02-04,1375.5
2011-02-03,1371.55
2011-02-02,1368.25
2011-02-01,1371.0
2011-01-31,1350.75
2011-01-28,1339.75
2011-01-27,1364.0
2011-01-26,1361.75
2011-01-25,1355.75
2011-01-24,1356.75
2011-01-21,1348.0
2011-01-20,1344.5
2011-01-19,1346.75
2011-01-18,1363.0
2011-01-14,1357.75
2011-01-13,1349.5
2011-01-12,1351.75
2011-01-11,1338.75
2011-01-10,1333.75
2011-01-07,1335.75
2011-01-06,1338.5
2011-01-05,1340.0
2011-01-04,1333.5
2011-01-03,1333.5
2010-12-31,1321.25
2010-12-30,1322.75
2010-12-29,1324.0
2010-12-28,1322.25
2010-12-27,1321.5
2010-12-23,1321.25
2010-12-22,1322.75
2010-12-21,1319.0
2010-12-20,1309.5
2010-12-17,1306.75
2010-12-16,1306.75
2010-12-15,1300.25
2010-12-14,1305.0
2010-12-13,1304.5
2010-12-10,1304.25
2010-12-09,1296.25
2010-12-08,1292.0
2010-12-07,1286.5
2010-12-06,1285.25
2010-12-03,1286.75
2010-12-02,1286.0
2010-12-01,1267.75
2010-11-30,1242.75
2010-11-29,1249.75
2010-11-26,1246.5
2010-11-24,1259.75
2010-11-23,1241.5
2010-11-22,1261.25
2010-11-19,1261.5
2010-11-18,1261.0
2010-11-17,1240.75
2010-11-16,1238.0
2010-11-15,1259.0
2010-11-12,1258.75
2010-11-11,1274.25
2010-11-10,1277.25
2010-11-09,1274.25
2010-11-08,1283.25
2010-11-05,1285.25
2010-11-04,1281.75
2010-11-03,1260.5
2010-11-02,1256.0
2010-11-01,1246.25
2010-10-29,1243.0
2010-10-28,1242.5
2010-10-27,1242.0
2010-10-26,1246.0
2010-10-25,1246.0
2010-10-22,1244.0
2010-10-21,1239.0
2010-10-20,1237.95
2010-10-19,1227.0
2010-10-18,1241.5
2010-10-15,1238.25
2010-10-14,1236.75
2010-10-13,1237.5
2010-10-12,1227.75
2010-10-11,1225.5
2010-10-08,1223.75
2010-10-07,1219.75
2010-10-06,1219.0
2010-10-05,1218.0
2010-10-04,1198.0
2010-10-01,1205.5
2010-09-30,1200.0
2010-09-29,1204.25
2010-09-28,1205.0
2010-09-27,1201.0
2010-09-24,1206.5
2010-09-23,1183.75
2010-09-22,1193.0
2010-09-21,1198.0
2010-09-20,1199.75
2010-09-17,1183.0
2010-09-16,1185.75
2010-09-15,1184.0
2010-09-14,1179.0
2010-09-13,1179.5
2010-09-10,1168.0
2010-09-09,1160.75
2010-09-08,1157.5
2010-09-07,1149.5
2010-09-03,1161.75
2010-09-02,1147.75
2010-09-01,1140.0
2010-08-31,1106.5
2010-08-30,1103.25
2010-08-27,1122.0
2010-08-26,1103.0
2010-08-25,1112.75
2010-08-24,1108.0
2010-08-23,1123.75
2010-08-20,1128.5
2010-08-19,1129.5
2010-08-18,1145.0
2010-08-17,1147.25
2010-08-16,1135.25
2010-08-13,1134.25
2010-08-12,1137.5
2010-08-11,1143.25
2010-08-10,1178.0
2010-08-09,1183.75
2010-08-06,1177.75
2010-08-05,1181.75
2010-08-04,1182.75
2010-08-03,1176.5
2010-08-02,1180.0
2010-07-30,1156.5
2010-07-29,1155.25
2010-07-28,1160.25
2010-07-27,1169.25
2010-07-26,1167.75
2010-07-23,1158.75
2010-07-22,1146.0
2010-07-21,1122.25
2010-07-20,1138.25
2010-07-19,1122.0
2010-07-16,1121.25
2010-07-15,1148.75
2010-07-14,1149.25
2010-07-13,1148.0
2010-07-12,1134.75
2010-07-09,1130.75
2010-07-08,1125.25
2010-07-07,1117.5
2010-07-06,1082.5
2010-07-02,1072.5
2010-07-01,1080.0
2010-06-30,1084.75
2010-06-29,1093.5
2010-06-28,1129.25
2010-06-25,1133.0
2010-06-24,1128.75
2010-06-23,1145.75
2010-06-22,1148.75
2010-06-21,1168.75
2010-06-18,1168.5
2010-06-17,1170.0
2010-06-16,1167.75
2010-06-15,1167.5
2010-06-14,1144.5
2010-06-11,1143.25
2010-06-10,1137.75
2010-06-09,1109.5
2010-06-08,1113.25
2010-06-07,1102.0
2010-06-04,1120.0
2010-06-03,1157.5
2010-06-02,1150.75
2010-06-01,1123.5
2010-05-28,1142.5
2010-05-27,1155.0
2010-05-26,1115.25
2010-05-25,1127.0
2010-05-24,1125.0
2010-05-21,1138.5
2010-05-20,1124.0
2010-05-19,1164.0
2010-05-18,1172.75
2010-05-17,1188.5
2010-05-14,1189.25
2010-05-13,1210.75
2010-05-12,1223.75
2010-05-11,1206.25
2010-05-10,1210.5
2010-05-07,1161.0
2010-05-06,1176.5
2010-05-05,1218.0
2010-05-04,1226.5
2010-05-03,1252.5
2010-04-30,1237.5
2010-04-29,1259.25
2010-04-28,1244.0
2010-04-27,1235.0
2010-04-26,1262.25
2010-04-23,1266.25
2010-04-22,1255.75
2010-04-21,1254.5
2010-04-20,1259.5
2010-04-19,1249.5
2010-04-16,1244.25
2010-04-15,1262.5
2010-04-14,1260.5
2010-04-13,1247.0
2010-04-12,1246.5
2010-04-09,1246.5
2010-04-08,1237.75
2010-04-07,1233.0
2010-04-06,1239.75
2010-04-05,1237.0
2010-04-02,1227.75
2010-04-01,1227.75
2010-03-31,1219.25
2010-03-30,1223.5
2010-03-29,1222.75
2010-03-26,1217.5
2010-03-25,1216.75
2010-03-24,1218.5
2010-03-23,1223.5
2010-03-22,1216.0
2010-03-19,1210.25
2010-03-18,1215.25
2010-03-17,1215.0
2010-03-16,1208.75
2010-03-15,1199.5
2010-03-12,1200.5
2010-03-11,1199.75
2010-03-10,1195.0
2010-03-09,1189.75
2010-03-08,1186.25
2010-03-05,1185.75
2010-03-04,1171.5
2010-03-03,1167.75
2010-03-02,1166.75
2010-03-01,1163.75
2010-02-26,1152.75
2010-02-25,1151.5
2010-02-24,1152.75
2010-02-23,1146.5
2010-02-22,1156.75
2010-02-19,1155.5
2010-02-18,1154.75
2010-02-17,1148.75
2010-02-16,1142.5
2010-02-12,1128.25
2010-02-11,1125.85
2010-02-10,1112.5
2010-02-09,1115.5
2010-02-08,1105.25
2010-02-05,1109.0
2010-02-04,1111.0
2010-02-03,1145.75
2010-02-02,1146.5
2010-02-01,1135.5
2010-01-29,1119.75
2010-01-28,1128.5
2010-01-27,1143.75
2010-01-26,1136.5
2010-01-25,1141.75
2010-01-22,1140.25
2010-01-21,1160.25
2010-01-20,1183.25
2010-01-19,1195.0
2010-01-15,1181.5
2010-01-14,1194.5
2010-01-13,1190.75
2010-01-12,1183.25
2010-01-11,1191.75
2010-01-08,1190.75
2010-01-07,1186.75
2010-01-06,1182.25
2010-01-05,1181.5
2010-01-04,1178.0
